2026-05-21 10:49:20 [ERROR:] Exception in thread "main" java.net.ConnectException: Connection refused: getsockopt
	at java.base/sun.nio.ch.Net.pollConnect(Native Method)
	at java.base/sun.nio.ch.Net.pollConnectNow(Unknown Source)
	at java.base/sun.nio.ch.NioSocketImpl.timedFinishConnect(Unknown Source)
	at java.base/sun.nio.ch.NioSocketImpl.connect(Unknown Source)
	at java.base/java.net.Socket.connect(Unknown Source)
	at java.base/sun.net.NetworkClient.doConnect(Unknown Source)
	at java.base/sun.net.www.http.HttpClient.openServer(Unknown Source)
	at java.base/sun.net.www.http.HttpClient$1.run(Unknown Source)
	at java.base/sun.net.www.http.HttpClient$1.run(Unknown Source)
	at java.base/java.security.AccessController.doPrivileged(Unknown Source)
	at java.base/sun.net.www.http.HttpClient.privilegedOpenServer(Unknown Source)
	at java.base/sun.net.www.http.HttpClient.openServer(Unknown Source)
	at java.base/sun.net.www.protocol.https.HttpsClient.<init>(Unknown Source)
	at java.base/sun.net.www.protocol.https.HttpsClient.New(Unknown Source)
	at java.base/sun.net.www.protocol.https.AbstractDelegateHttpsURLConnection.getNewHttpClient(Unknown Source)
	at java.base/sun.net.www.protocol.http.HttpURLConnection.plainConnect0(Unknown Source)
	at java.base/sun.net.www.protocol.http.HttpURLConnection.plainConnect(Unknown Source)
	at java.base/sun.net.www.protocol.https.AbstractDelegateHttpsURLConnection.connect(Unknown Source)
	at java.base/sun.net.www.protocol.http.HttpURLConnection.getInputStream0(Unknown Source)
	at java.base/sun.net.www.protocol.http.HttpURLConnection.getInputStream(Unknown Source)
	at java.base/sun.net.www.protocol.https.HttpsURLConnectionImpl.getInputStream(Unknown Source)
	at org.gradle.wrapper.Download.downloadInternal(Download.java:87)
	at org.gradle.wrapper.Download.download(Download.java:67)
	at org.gradle.wrapper.Install$1.call(Install.java:68)
	at org.gradle.wrapper.Install$1.call(Install.java:48)
	at org.gradle.wrapper.ExclusiveFileAccessManager.access(ExclusiveFileAccessManager.java:69)
	at org.gradle.wrapper.Install.createDist(Install.java:48)
	at org.gradle.wrapper.WrapperExecutor.execute(WrapperExecutor.java:107)
	at org.gradle.wrapper.GradleWrapperMain.main(GradleWrapperMain.java:63)

2026-05-21 10:49:20 [ERROR:] Error: Command failed: D:/HBuilderX/plugins/wj-easypackx/src/easypackx/uniappx-native-android/gradlew.bat :app:packageDebug --no-daemon
Exception in thread "main" java.net.ConnectException: Connection refused: getsockopt
	at java.base/sun.nio.ch.Net.pollConnect(Native Method)
	at java.base/sun.nio.ch.Net.pollConnectNow(Unknown Source)
	at java.base/sun.nio.ch.NioSocketImpl.timedFinishConnect(Unknown Source)
	at java.base/sun.nio.ch.NioSocketImpl.connect(Unknown Source)
	at java.base/java.net.Socket.connect(Unknown Source)
	at java.base/sun.net.NetworkClient.doConnect(Unknown Source)
	at java.base/sun.net.www.http.HttpClient.openServer(Unknown Source)
	at java.base/sun.net.www.http.HttpClient$1.run(Unknown Source)
	at java.base/sun.net.www.http.HttpClient$1.run(Unknown Source)
	at java.base/java.security.AccessController.doPrivileged(Unknown Source)
	at java.base/sun.net.www.http.HttpClient.privilegedOpenServer(Unknown Source)
	at java.base/sun.net.www.http.HttpClient.openServer(Unknown Source)
	at java.base/sun.net.www.protocol.https.HttpsClient.<init>(Unknown Source)
	at java.base/sun.net.www.protocol.https.HttpsClient.New(Unknown Source)
	at java.base/sun.net.www.protocol.https.AbstractDelegateHttpsURLConnection.getNewHttpClient(Unknown Source)
	at java.base/sun.net.www.protocol.http.HttpURLConnection.plainConnect0(Unknown Source)
	at java.base/sun.net.www.protocol.http.HttpURLConnection.plainConnect(Unknown Source)
	at java.base/sun.net.www.protocol.https.AbstractDelegateHttpsURLConnection.connect(Unknown Source)
	at java.base/sun.net.www.protocol.http.HttpURLConnection.getInputStream0(Unknown Source)
	at java.base/sun.net.www.protocol.http.HttpURLConnection.getInputStream(Unknown Source)
	at java.base/sun.net.www.protocol.https.HttpsURLConnectionImpl.getInputStream(Unknown Source)
	at org.gradle.wrapper.Download.downloadInternal(Download.java:87)
	at org.gradle.wrapper.Download.download(Download.java:67)
	at org.gradle.wrapper.Install$1.call(Install.java:68)
	at org.gradle.wrapper.Install$1.call(Install.java:48)
	at org.gradle.wrapper.ExclusiveFileAccessManager.access(ExclusiveFileAccessManager.java:69)
	at org.gradle.wrapper.Install.createDist(Install.java:48)
	at org.gradle.wrapper.WrapperExecutor.execute(WrapperExecutor.java:107)
	at org.gradle.wrapper.GradleWrapperMain.main(GradleWrapperMain.java:63)

    at ChildProcess.exithandler (node:child_process:422:12)
    at ChildProcess.emit (node:events:517:28)
    at maybeClose (node:internal/child_process:1098:16)
    at ChildProcess._handle.onexit (node:internal/child_process:303:5)
2026-05-21 10:49:20 [ERROR:] 本地自动打包失败，请尝试手动执行：cd D:/HBuilderX/plugins/wj-easypackx/src/easypackx/uniappx-native-android; D:/HBuilderX/plugins/wj-easypackx/src/easypackx/uniappx-native-android/gradlew.bat :app:packageDebug --no-daemon; cp ./app/build/outputs/apk/debug/app-debug.apk E:/market/pdaapp/unpackage/debug/android_debug.apk。执行完成后即可选择自定义基座运行。
2026-06-03 12:14:13 [ERROR:] Exception in thread "main" java.net.ConnectException: Connection refused: getsockopt
	at java.base/sun.nio.ch.Net.pollConnect(Native Method)
	at java.base/sun.nio.ch.Net.pollConnectNow(Unknown Source)
	at java.base/sun.nio.ch.NioSocketImpl.timedFinishConnect(Unknown Source)
	at java.base/sun.nio.ch.NioSocketImpl.connect(Unknown Source)
	at java.base/java.net.Socket.connect(Unknown Source)
	at java.base/sun.net.NetworkClient.doConnect(Unknown Source)
	at java.base/sun.net.www.http.HttpClient.openServer(Unknown Source)
	at java.base/sun.net.www.http.HttpClient$1.run(Unknown Source)
	at java.base/sun.net.www.http.HttpClient$1.run(Unknown Source)
	at java.base/java.security.AccessController.doPrivileged(Unknown Source)
	at java.base/sun.net.www.http.HttpClient.privilegedOpenServer(Unknown Source)
	at java.base/sun.net.www.http.HttpClient.openServer(Unknown Source)
	at java.base/sun.net.www.protocol.https.HttpsClient.<init>(Unknown Source)
	at java.base/sun.net.www.protocol.https.HttpsClient.New(Unknown Source)
	at java.base/sun.net.www.protocol.https.AbstractDelegateHttpsURLConnection.getNewHttpClient(Unknown Source)
	at java.base/sun.net.www.protocol.http.HttpURLConnection.plainConnect0(Unknown Source)
	at java.base/sun.net.www.protocol.http.HttpURLConnection.plainConnect(Unknown Source)
	at java.base/sun.net.www.protocol.https.AbstractDelegateHttpsURLConnection.connect(Unknown Source)
	at java.base/sun.net.www.protocol.http.HttpURLConnection.getInputStream0(Unknown Source)
	at java.base/sun.net.www.protocol.http.HttpURLConnection.getInputStream(Unknown Source)
	at java.base/sun.net.www.protocol.https.HttpsURLConnectionImpl.getInputStream(Unknown Source)
	at org.gradle.wrapper.Download.downloadInternal(Download.java:87)
	at org.gradle.wrapper.Download.download(Download.java:67)
	at org.gradle.wrapper.Install$1.call(Install.java:68)
	at org.gradle.wrapper.Install$1.call(Install.java:48)
	at org.gradle.wrapper.ExclusiveFileAccessManager.access(ExclusiveFileAccessManager.java:69)
	at org.gradle.wrapper.Install.createDist(Install.java:48)
	at org.gradle.wrapper.WrapperExecutor.execute(WrapperExecutor.java:107)
	at org.gradle.wrapper.GradleWrapperMain.main(GradleWrapperMain.java:63)

2026-06-03 12:14:13 [ERROR:] Error: Command failed: D:/HBuilderX/plugins/wj-easypackx/src/easypackx/uniappx-native-android/gradlew.bat :app:assembleRelease
Exception in thread "main" java.net.ConnectException: Connection refused: getsockopt
	at java.base/sun.nio.ch.Net.pollConnect(Native Method)
	at java.base/sun.nio.ch.Net.pollConnectNow(Unknown Source)
	at java.base/sun.nio.ch.NioSocketImpl.timedFinishConnect(Unknown Source)
	at java.base/sun.nio.ch.NioSocketImpl.connect(Unknown Source)
	at java.base/java.net.Socket.connect(Unknown Source)
	at java.base/sun.net.NetworkClient.doConnect(Unknown Source)
	at java.base/sun.net.www.http.HttpClient.openServer(Unknown Source)
	at java.base/sun.net.www.http.HttpClient$1.run(Unknown Source)
	at java.base/sun.net.www.http.HttpClient$1.run(Unknown Source)
	at java.base/java.security.AccessController.doPrivileged(Unknown Source)
	at java.base/sun.net.www.http.HttpClient.privilegedOpenServer(Unknown Source)
	at java.base/sun.net.www.http.HttpClient.openServer(Unknown Source)
	at java.base/sun.net.www.protocol.https.HttpsClient.<init>(Unknown Source)
	at java.base/sun.net.www.protocol.https.HttpsClient.New(Unknown Source)
	at java.base/sun.net.www.protocol.https.AbstractDelegateHttpsURLConnection.getNewHttpClient(Unknown Source)
	at java.base/sun.net.www.protocol.http.HttpURLConnection.plainConnect0(Unknown Source)
	at java.base/sun.net.www.protocol.http.HttpURLConnection.plainConnect(Unknown Source)
	at java.base/sun.net.www.protocol.https.AbstractDelegateHttpsURLConnection.connect(Unknown Source)
	at java.base/sun.net.www.protocol.http.HttpURLConnection.getInputStream0(Unknown Source)
	at java.base/sun.net.www.protocol.http.HttpURLConnection.getInputStream(Unknown Source)
	at java.base/sun.net.www.protocol.https.HttpsURLConnectionImpl.getInputStream(Unknown Source)
	at org.gradle.wrapper.Download.downloadInternal(Download.java:87)
	at org.gradle.wrapper.Download.download(Download.java:67)
	at org.gradle.wrapper.Install$1.call(Install.java:68)
	at org.gradle.wrapper.Install$1.call(Install.java:48)
	at org.gradle.wrapper.ExclusiveFileAccessManager.access(ExclusiveFileAccessManager.java:69)
	at org.gradle.wrapper.Install.createDist(Install.java:48)
	at org.gradle.wrapper.WrapperExecutor.execute(WrapperExecutor.java:107)
	at org.gradle.wrapper.GradleWrapperMain.main(GradleWrapperMain.java:63)

    at ChildProcess.exithandler (node:child_process:422:12)
    at ChildProcess.emit (node:events:517:28)
    at maybeClose (node:internal/child_process:1098:16)
    at ChildProcess._handle.onexit (node:internal/child_process:303:5)
2026-06-03 12:14:13 [ERROR:] 本地自动打包失败，请尝试手动执行：cd D:/HBuilderX/plugins/wj-easypackx/src/easypackx/uniappx-native-android; D:/HBuilderX/plugins/wj-easypackx/src/easypackx/uniappx-native-android/gradlew.bat :app:assembleRelease; cp ./app/build/outputs/apk/release/app-release.apk E:/market/pdaapp/unpackage/release/android_release.apk。执行完成后即可选择自定义基座运行。
2026-06-09 13:56:40 [ERROR:] 本地打包资源不存在，请选中项目然后顶部菜单点击【发行】->【原生App-本地打包】->【生成本地打包App资源】先打包本地资源，参考 https://nativesupport.dcloud.net.cn/AppDocs/importfeproject/export.html#%E7%94%9F%E6%88%90%E6%9C%AC%E5%9C%B0%E6%89%93%E5%8C%85-app-%E8%B5%84%E6%BA%90
2026-06-09 13:58:53 [ERROR:] 
FAILURE: Build failed with an exception.

* What went wrong:
Execution failed for task ':app:checkDebugAarMetadata'.
> Could not resolve all files for configuration ':app:debugRuntimeClasspath'.
   > Could not find org.mozilla.geckoview:geckoview:151.0.20260601110758.
     Searched in the following locations:
       - file:/D:/HBuilderX/plugins/wj-easypackx/src/easypackx/uniappx-native-android/plugins/geckoview-151.0.20260601110758.jar
       - file:/D:/HBuilderX/plugins/wj-easypackx/src/easypackx/uniappx-native-android/plugins/geckoview.jar
       - https://maven.aliyun.com/repository/google/org/mozilla/geckoview/geckoview/151.0.20260601110758/geckoview-151.0.20260601110758.pom
       - https://maven.aliyun.com/repository/public/org/mozilla/geckoview/geckoview/151.0.20260601110758/geckoview-151.0.20260601110758.pom
       - https://maven.aliyun.com/repository/central/org/mozilla/geckoview/geckoview/151.0.20260601110758/geckoview-151.0.20260601110758.pom
       - https://maven.aliyun.com/repository/gradle-plugin/org/mozilla/geckoview/geckoview/151.0.20260601110758/geckoview-151.0.20260601110758.pom
       - https://jitpack.io/org/mozilla/geckoview/geckoview/151.0.20260601110758/geckoview-151.0.20260601110758.pom
       - https://dl.google.com/dl/android/maven2/org/mozilla/geckoview/geckoview/151.0.20260601110758/geckoview-151.0.20260601110758.pom
       - https://repo.maven.apache.org/maven2/org/mozilla/geckoview/geckoview/151.0.20260601110758/geckoview-151.0.20260601110758.pom
       - https://developer.huawei.com/repo/org/mozilla/geckoview/geckoview/151.0.20260601110758/geckoview-151.0.20260601110758.pom
       - https://android-sdk.is.com/org/mozilla/geckoview/geckoview/151.0.20260601110758/geckoview-151.0.20260601110758.pom
       - https://dl-maven-android.mintegral.com/repository/mbridge_android_sdk_oversea/org/mozilla/geckoview/geckoview/151.0.20260601110758/geckoview-151.0.20260601110758.pom
       - https://oss.sonatype.org/content/groups/public/org/mozilla/geckoview/geckoview/151.0.20260601110758/geckoview-151.0.20260601110758.pom
     Required by:
         project :app > project :iboxs-gecko

* Try:
> Run with --stacktrace option to get the stack trace.
> Run with --info or --debug option to get more log output.
> Run with --scan to get full insights.
> Get more help at https://help.gradle.org.

BUILD FAILED in 1m 34s

2026-06-09 13:58:54 [ERROR:] Error: Command failed: D:/HBuilderX/plugins/wj-easypackx/src/easypackx/uniappx-native-android/gradlew.bat :app:packageDebug --no-daemon

FAILURE: Build failed with an exception.

* What went wrong:
Execution failed for task ':app:checkDebugAarMetadata'.
> Could not resolve all files for configuration ':app:debugRuntimeClasspath'.
   > Could not find org.mozilla.geckoview:geckoview:151.0.20260601110758.
     Searched in the following locations:
       - file:/D:/HBuilderX/plugins/wj-easypackx/src/easypackx/uniappx-native-android/plugins/geckoview-151.0.20260601110758.jar
       - file:/D:/HBuilderX/plugins/wj-easypackx/src/easypackx/uniappx-native-android/plugins/geckoview.jar
       - https://maven.aliyun.com/repository/google/org/mozilla/geckoview/geckoview/151.0.20260601110758/geckoview-151.0.20260601110758.pom
       - https://maven.aliyun.com/repository/public/org/mozilla/geckoview/geckoview/151.0.20260601110758/geckoview-151.0.20260601110758.pom
       - https://maven.aliyun.com/repository/central/org/mozilla/geckoview/geckoview/151.0.20260601110758/geckoview-151.0.20260601110758.pom
       - https://maven.aliyun.com/repository/gradle-plugin/org/mozilla/geckoview/geckoview/151.0.20260601110758/geckoview-151.0.20260601110758.pom
       - https://jitpack.io/org/mozilla/geckoview/geckoview/151.0.20260601110758/geckoview-151.0.20260601110758.pom
       - https://dl.google.com/dl/android/maven2/org/mozilla/geckoview/geckoview/151.0.20260601110758/geckoview-151.0.20260601110758.pom
       - https://repo.maven.apache.org/maven2/org/mozilla/geckoview/geckoview/151.0.20260601110758/geckoview-151.0.20260601110758.pom
       - https://developer.huawei.com/repo/org/mozilla/geckoview/geckoview/151.0.20260601110758/geckoview-151.0.20260601110758.pom
       - https://android-sdk.is.com/org/mozilla/geckoview/geckoview/151.0.20260601110758/geckoview-151.0.20260601110758.pom
       - https://dl-maven-android.mintegral.com/repository/mbridge_android_sdk_oversea/org/mozilla/geckoview/geckoview/151.0.20260601110758/geckoview-151.0.20260601110758.pom
       - https://oss.sonatype.org/content/groups/public/org/mozilla/geckoview/geckoview/151.0.20260601110758/geckoview-151.0.20260601110758.pom
     Required by:
         project :app > project :iboxs-gecko

* Try:
> Run with --stacktrace option to get the stack trace.
> Run with --info or --debug option to get more log output.
> Run with --scan to get full insights.
> Get more help at https://help.gradle.org.

BUILD FAILED in 1m 34s

    at ChildProcess.exithandler (node:child_process:422:12)
    at ChildProcess.emit (node:events:517:28)
    at maybeClose (node:internal/child_process:1098:16)
    at ChildProcess._handle.onexit (node:internal/child_process:303:5)
2026-06-09 13:58:54 [ERROR:] 本地自动打包失败，请尝试手动执行：cd D:/HBuilderX/plugins/wj-easypackx/src/easypackx/uniappx-native-android; D:/HBuilderX/plugins/wj-easypackx/src/easypackx/uniappx-native-android/gradlew.bat :app:packageDebug --no-daemon; cp ./app/build/outputs/apk/debug/app-debug.apk E:/iboxs/uniappx/GeckoView/unpackage/debug/android_debug.apk。执行完成后即可选择自定义基座运行。
2026-06-09 14:25:24 [ERROR:] Error: EBUSY: resource busy or locked, rmdir '\\?\D:\HBuilderX\plugins\wj-easypackx\src\easypackx\uniappx-native-android'
    at rmdirSync (node:fs:1222:10)
    at _rmdirSync (node:internal/fs/rimraf:235:5)
    at rimrafSync (node:internal/fs/rimraf:193:7)
    at Object.rmSync (node:fs:1271:10)
    at removeSyncWithRetry (D:\HBuilderX\plugins\wj-easypackx\src\easypackx\src\utils\io.js:25:8)
    at D:\HBuilderX\plugins\wj-easypackx\src\easypackx\src\utils\io.js:78:4
    at new Promise (<anonymous>)
    at deleteFile (D:\HBuilderX\plugins\wj-easypackx\src\easypackx\src\utils\io.js:76:9)
    at start (D:\HBuilderX\plugins\wj-easypackx\src\easypackx\src\pack.js:3167:9)
    at process.processTicksAndRejections (node:internal/process/task_queues:95:5)
2026-06-09 14:31:27 [ERROR:] D:\HBuilderX\plugins\wj-easypackx\src\easypackx\uniappx-native-android\app\src\main\AndroidManifest.xml:64:42-73 Error:
	Attribute meta-data#JPUSH_APPKEY@value at AndroidManifest.xml:64:42-73 requires a placeholder substitution but no value for <JPUSH_APPKEY> is provided.
D:\HBuilderX\plugins\wj-easypackx\src\easypackx\uniappx-native-android\app\src\main\AndroidManifest.xml:65:43-75 Error:
	Attribute meta-data#JPUSH_CHANNEL@value at AndroidManifest.xml:65:43-75 requires a placeholder substitution but no value for <JPUSH_CHANNEL> is provided.
D:\HBuilderX\plugins\wj-easypackx\src\easypackx\uniappx-native-android\app\src\main\AndroidManifest.xml Error:
	Validation failed, exiting

FAILURE: Build failed with an exception.

* What went wrong:
Execution failed for task ':app:processDebugMainManifest'.
> Manifest merger failed with multiple errors, see logs

* Try:
> Run with --stacktrace option to get the stack trace.
> Run with --info or --debug option to get more log output.
> Run with --scan to get full insights.
> Get more help at https://help.gradle.org.

BUILD FAILED in 1m 21s

2026-06-09 14:31:27 [ERROR:] Error: Command failed: D:/HBuilderX/plugins/wj-easypackx/src/easypackx/uniappx-native-android/gradlew.bat :app:packageDebug --no-daemon
D:\HBuilderX\plugins\wj-easypackx\src\easypackx\uniappx-native-android\app\src\main\AndroidManifest.xml:64:42-73 Error:
	Attribute meta-data#JPUSH_APPKEY@value at AndroidManifest.xml:64:42-73 requires a placeholder substitution but no value for <JPUSH_APPKEY> is provided.
D:\HBuilderX\plugins\wj-easypackx\src\easypackx\uniappx-native-android\app\src\main\AndroidManifest.xml:65:43-75 Error:
	Attribute meta-data#JPUSH_CHANNEL@value at AndroidManifest.xml:65:43-75 requires a placeholder substitution but no value for <JPUSH_CHANNEL> is provided.
D:\HBuilderX\plugins\wj-easypackx\src\easypackx\uniappx-native-android\app\src\main\AndroidManifest.xml Error:
	Validation failed, exiting

FAILURE: Build failed with an exception.

* What went wrong:
Execution failed for task ':app:processDebugMainManifest'.
> Manifest merger failed with multiple errors, see logs

* Try:
> Run with --stacktrace option to get the stack trace.
> Run with --info or --debug option to get more log output.
> Run with --scan to get full insights.
> Get more help at https://help.gradle.org.

BUILD FAILED in 1m 21s

    at ChildProcess.exithandler (node:child_process:422:12)
    at ChildProcess.emit (node:events:517:28)
    at maybeClose (node:internal/child_process:1098:16)
    at ChildProcess._handle.onexit (node:internal/child_process:303:5)
2026-06-09 14:31:27 [ERROR:] 本地自动打包失败，请尝试手动执行：cd D:/HBuilderX/plugins/wj-easypackx/src/easypackx/uniappx-native-android; D:/HBuilderX/plugins/wj-easypackx/src/easypackx/uniappx-native-android/gradlew.bat :app:packageDebug --no-daemon; cp ./app/build/outputs/apk/debug/app-debug.apk E:/market/pdaapp/unpackage/debug/android_debug.apk。执行完成后即可选择自定义基座运行。
2026-07-01 15:02:10 [ERROR:] 本地打包资源不存在，请选中项目然后顶部菜单点击【发行】->【原生App-本地打包】->【生成本地打包App资源】先打包本地资源，参考 https://nativesupport.dcloud.net.cn/AppDocs/importfeproject/export.html#%E7%94%9F%E6%88%90%E6%9C%AC%E5%9C%B0%E6%89%93%E5%8C%85-app-%E8%B5%84%E6%BA%90
2026-07-01 15:03:42 [ERROR:] D:\HBuilderX\plugins\wj-easypackx\src\easypackx\uniappx-native-android\app\src\main\AndroidManifest.xml Error:
	uses-sdk:minSdkVersion 21 cannot be smaller than version 23 declared in library [:iboxs-docscan] D:\HBuilderX\plugins\wj-easypackx\src\easypackx\uniappx-native-android\iboxs-docscan\build\intermediates\merged_manifest\debug\processDebugManifest\AndroidManifest.xml as the library might be using APIs not available in 21
	Suggestion: use a compatible library with a minSdk of at most 21,
		or increase this project's minSdk version to at least 23,
		or use tools:overrideLibrary="uts.sdk.modules.iboxsDocscan" to force usage (may lead to runtime failures)

FAILURE: Build failed with an exception.

* What went wrong:
Execution failed for task ':app:processDebugMainManifest'.
> Manifest merger failed : uses-sdk:minSdkVersion 21 cannot be smaller than version 23 declared in library [:iboxs-docscan] D:\HBuilderX\plugins\wj-easypackx\src\easypackx\uniappx-native-android\iboxs-docscan\build\intermediates\merged_manifest\debug\processDebugManifest\AndroidManifest.xml as the library might be using APIs not available in 21
  	Suggestion: use a compatible library with a minSdk of at most 21,
  		or increase this project's minSdk version to at least 23,
  		or use tools:overrideLibrary="uts.sdk.modules.iboxsDocscan" to force usage (may lead to runtime failures)

* Try:
> Run with --stacktrace option to get the stack trace.
> Run with --info or --debug option to get more log output.
> Run with --scan to get full insights.
> Get more help at https://help.gradle.org.

BUILD FAILED in 39s

2026-07-01 15:03:42 [ERROR:] Error: Command failed: D:/HBuilderX/plugins/wj-easypackx/src/easypackx/uniappx-native-android/gradlew.bat :app:packageDebug --no-daemon
D:\HBuilderX\plugins\wj-easypackx\src\easypackx\uniappx-native-android\app\src\main\AndroidManifest.xml Error:
	uses-sdk:minSdkVersion 21 cannot be smaller than version 23 declared in library [:iboxs-docscan] D:\HBuilderX\plugins\wj-easypackx\src\easypackx\uniappx-native-android\iboxs-docscan\build\intermediates\merged_manifest\debug\processDebugManifest\AndroidManifest.xml as the library might be using APIs not available in 21
	Suggestion: use a compatible library with a minSdk of at most 21,
		or increase this project's minSdk version to at least 23,
		or use tools:overrideLibrary="uts.sdk.modules.iboxsDocscan" to force usage (may lead to runtime failures)

FAILURE: Build failed with an exception.

* What went wrong:
Execution failed for task ':app:processDebugMainManifest'.
> Manifest merger failed : uses-sdk:minSdkVersion 21 cannot be smaller than version 23 declared in library [:iboxs-docscan] D:\HBuilderX\plugins\wj-easypackx\src\easypackx\uniappx-native-android\iboxs-docscan\build\intermediates\merged_manifest\debug\processDebugManifest\AndroidManifest.xml as the library might be using APIs not available in 21
  	Suggestion: use a compatible library with a minSdk of at most 21,
  		or increase this project's minSdk version to at least 23,
  		or use tools:overrideLibrary="uts.sdk.modules.iboxsDocscan" to force usage (may lead to runtime failures)

* Try:
> Run with --stacktrace option to get the stack trace.
> Run with --info or --debug option to get more log output.
> Run with --scan to get full insights.
> Get more help at https://help.gradle.org.

BUILD FAILED in 39s

    at ChildProcess.exithandler (node:child_process:422:12)
    at ChildProcess.emit (node:events:517:28)
    at maybeClose (node:internal/child_process:1098:16)
    at ChildProcess._handle.onexit (node:internal/child_process:303:5)
2026-07-01 15:03:42 [ERROR:] 本地自动打包失败，请尝试手动执行：cd D:/HBuilderX/plugins/wj-easypackx/src/easypackx/uniappx-native-android; D:/HBuilderX/plugins/wj-easypackx/src/easypackx/uniappx-native-android/gradlew.bat :app:packageDebug --no-daemon; cp ./app/build/outputs/apk/debug/app-debug.apk E:/iboxs/pdfscan/unpackage/debug/android_debug.apk。执行完成后即可选择自定义基座运行。
2026-07-01 16:07:06 [ERROR:] Error: EBUSY: resource busy or locked, rmdir '\\?\D:\HBuilderX\plugins\wj-easypackx\src\easypackx\uniappx-native-android'
    at rmdirSync (node:fs:1222:10)
    at _rmdirSync (node:internal/fs/rimraf:235:5)
    at rimrafSync (node:internal/fs/rimraf:193:7)
    at Object.rmSync (node:fs:1271:10)
    at removeSyncWithRetry (D:\HBuilderX\plugins\wj-easypackx\src\easypackx\src\utils\io.js:25:8)
    at D:\HBuilderX\plugins\wj-easypackx\src\easypackx\src\utils\io.js:78:4
    at new Promise (<anonymous>)
    at deleteFile (D:\HBuilderX\plugins\wj-easypackx\src\easypackx\src\utils\io.js:76:9)
    at start (D:\HBuilderX\plugins\wj-easypackx\src\easypackx\src\pack.js:3167:9)
    at process.processTicksAndRejections (node:internal/process/task_queues:95:5)
2026-07-01 16:09:06 [ERROR:] D:\HBuilderX\plugins\wj-easypackx\src\easypackx\uniappx-native-android\app\src\main\AndroidManifest.xml Error:
	uses-sdk:minSdkVersion 21 cannot be smaller than version 23 declared in library [:iboxs-docscan] D:\HBuilderX\plugins\wj-easypackx\src\easypackx\uniappx-native-android\iboxs-docscan\build\intermediates\merged_manifest\debug\processDebugManifest\AndroidManifest.xml as the library might be using APIs not available in 21
	Suggestion: use a compatible library with a minSdk of at most 21,
		or increase this project's minSdk version to at least 23,
		or use tools:overrideLibrary="uts.sdk.modules.iboxsDocscan" to force usage (may lead to runtime failures)

FAILURE: Build failed with an exception.

* What went wrong:
Execution failed for task ':app:processDebugMainManifest'.
> Manifest merger failed : uses-sdk:minSdkVersion 21 cannot be smaller than version 23 declared in library [:iboxs-docscan] D:\HBuilderX\plugins\wj-easypackx\src\easypackx\uniappx-native-android\iboxs-docscan\build\intermediates\merged_manifest\debug\processDebugManifest\AndroidManifest.xml as the library might be using APIs not available in 21
  	Suggestion: use a compatible library with a minSdk of at most 21,
  		or increase this project's minSdk version to at least 23,
  		or use tools:overrideLibrary="uts.sdk.modules.iboxsDocscan" to force usage (may lead to runtime failures)

* Try:
> Run with --stacktrace option to get the stack trace.
> Run with --info or --debug option to get more log output.
> Run with --scan to get full insights.
> Get more help at https://help.gradle.org.

BUILD FAILED in 25s

2026-07-01 16:09:06 [ERROR:] Error: Command failed: D:/HBuilderX/plugins/wj-easypackx/src/easypackx/uniappx-native-android/gradlew.bat :app:packageDebug --no-daemon
D:\HBuilderX\plugins\wj-easypackx\src\easypackx\uniappx-native-android\app\src\main\AndroidManifest.xml Error:
	uses-sdk:minSdkVersion 21 cannot be smaller than version 23 declared in library [:iboxs-docscan] D:\HBuilderX\plugins\wj-easypackx\src\easypackx\uniappx-native-android\iboxs-docscan\build\intermediates\merged_manifest\debug\processDebugManifest\AndroidManifest.xml as the library might be using APIs not available in 21
	Suggestion: use a compatible library with a minSdk of at most 21,
		or increase this project's minSdk version to at least 23,
		or use tools:overrideLibrary="uts.sdk.modules.iboxsDocscan" to force usage (may lead to runtime failures)

FAILURE: Build failed with an exception.

* What went wrong:
Execution failed for task ':app:processDebugMainManifest'.
> Manifest merger failed : uses-sdk:minSdkVersion 21 cannot be smaller than version 23 declared in library [:iboxs-docscan] D:\HBuilderX\plugins\wj-easypackx\src\easypackx\uniappx-native-android\iboxs-docscan\build\intermediates\merged_manifest\debug\processDebugManifest\AndroidManifest.xml as the library might be using APIs not available in 21
  	Suggestion: use a compatible library with a minSdk of at most 21,
  		or increase this project's minSdk version to at least 23,
  		or use tools:overrideLibrary="uts.sdk.modules.iboxsDocscan" to force usage (may lead to runtime failures)

* Try:
> Run with --stacktrace option to get the stack trace.
> Run with --info or --debug option to get more log output.
> Run with --scan to get full insights.
> Get more help at https://help.gradle.org.

BUILD FAILED in 25s

    at ChildProcess.exithandler (node:child_process:422:12)
    at ChildProcess.emit (node:events:517:28)
    at maybeClose (node:internal/child_process:1098:16)
    at ChildProcess._handle.onexit (node:internal/child_process:303:5)
2026-07-01 16:09:06 [ERROR:] 本地自动打包失败，请尝试手动执行：cd D:/HBuilderX/plugins/wj-easypackx/src/easypackx/uniappx-native-android; D:/HBuilderX/plugins/wj-easypackx/src/easypackx/uniappx-native-android/gradlew.bat :app:packageDebug --no-daemon; cp ./app/build/outputs/apk/debug/app-debug.apk E:/iboxs/pdfscan/unpackage/debug/android_debug.apk。执行完成后即可选择自定义基座运行。
2026-07-02 10:22:47 [ERROR:] D:\HBuilderX\plugins\wj-easypackx\src\easypackx\uniappx-native-android\app\src\main\AndroidManifest.xml:64:42-73 Error:
	Attribute meta-data#JPUSH_APPKEY@value at AndroidManifest.xml:64:42-73 requires a placeholder substitution but no value for <JPUSH_APPKEY> is provided.
D:\HBuilderX\plugins\wj-easypackx\src\easypackx\uniappx-native-android\app\src\main\AndroidManifest.xml:65:43-75 Error:
	Attribute meta-data#JPUSH_CHANNEL@value at AndroidManifest.xml:65:43-75 requires a placeholder substitution but no value for <JPUSH_CHANNEL> is provided.
D:\HBuilderX\plugins\wj-easypackx\src\easypackx\uniappx-native-android\app\src\main\AndroidManifest.xml Error:
	Validation failed, exiting

FAILURE: Build failed with an exception.

* What went wrong:
Execution failed for task ':app:processDebugMainManifest'.
> Manifest merger failed with multiple errors, see logs

* Try:
> Run with --stacktrace option to get the stack trace.
> Run with --info or --debug option to get more log output.
> Run with --scan to get full insights.
> Get more help at https://help.gradle.org.

BUILD FAILED in 1m 17s

2026-07-02 10:22:47 [ERROR:] Error: Command failed: D:/HBuilderX/plugins/wj-easypackx/src/easypackx/uniappx-native-android/gradlew.bat :app:packageDebug --no-daemon
D:\HBuilderX\plugins\wj-easypackx\src\easypackx\uniappx-native-android\app\src\main\AndroidManifest.xml:64:42-73 Error:
	Attribute meta-data#JPUSH_APPKEY@value at AndroidManifest.xml:64:42-73 requires a placeholder substitution but no value for <JPUSH_APPKEY> is provided.
D:\HBuilderX\plugins\wj-easypackx\src\easypackx\uniappx-native-android\app\src\main\AndroidManifest.xml:65:43-75 Error:
	Attribute meta-data#JPUSH_CHANNEL@value at AndroidManifest.xml:65:43-75 requires a placeholder substitution but no value for <JPUSH_CHANNEL> is provided.
D:\HBuilderX\plugins\wj-easypackx\src\easypackx\uniappx-native-android\app\src\main\AndroidManifest.xml Error:
	Validation failed, exiting

FAILURE: Build failed with an exception.

* What went wrong:
Execution failed for task ':app:processDebugMainManifest'.
> Manifest merger failed with multiple errors, see logs

* Try:
> Run with --stacktrace option to get the stack trace.
> Run with --info or --debug option to get more log output.
> Run with --scan to get full insights.
> Get more help at https://help.gradle.org.

BUILD FAILED in 1m 17s

    at ChildProcess.exithandler (node:child_process:422:12)
    at ChildProcess.emit (node:events:517:28)
    at maybeClose (node:internal/child_process:1098:16)
    at ChildProcess._handle.onexit (node:internal/child_process:303:5)
2026-07-02 10:22:47 [ERROR:] 本地自动打包失败，请尝试手动执行：cd D:/HBuilderX/plugins/wj-easypackx/src/easypackx/uniappx-native-android; D:/HBuilderX/plugins/wj-easypackx/src/easypackx/uniappx-native-android/gradlew.bat :app:packageDebug --no-daemon; cp ./app/build/outputs/apk/debug/app-debug.apk E:/market/pdaapp/unpackage/debug/android_debug.apk。执行完成后即可选择自定义基座运行。
2026-07-02 10:47:53 [ERROR:] Error: EBUSY: resource busy or locked, rmdir '\\?\D:\HBuilderX\plugins\wj-easypackx\src\easypackx\uniappx-native-android'
    at rmdirSync (node:fs:1222:10)
    at _rmdirSync (node:internal/fs/rimraf:235:5)
    at rimrafSync (node:internal/fs/rimraf:193:7)
    at Object.rmSync (node:fs:1271:10)
    at removeSyncWithRetry (D:\HBuilderX\plugins\wj-easypackx\src\easypackx\src\utils\io.js:25:8)
    at D:\HBuilderX\plugins\wj-easypackx\src\easypackx\src\utils\io.js:78:4
    at new Promise (<anonymous>)
    at deleteFile (D:\HBuilderX\plugins\wj-easypackx\src\easypackx\src\utils\io.js:76:9)
    at start (D:\HBuilderX\plugins\wj-easypackx\src\easypackx\src\pack.js:3167:9)
    at process.processTicksAndRejections (node:internal/process/task_queues:95:5)
2026-07-02 11:08:12 [ERROR:] 
FAILURE: Build completed with 2 failures.

1: Task failed with an exception.
-----------
* What went wrong:
Execution failed for task ':iboxs-amap:compileReleaseKotlin'.
> Error while evaluating property 'friendPathsSet$kotlin_gradle_plugin_common' of task ':iboxs-amap:compileReleaseKotlin'.
   > Could not resolve all files for configuration ':iboxs-amap:releaseCompileClasspath'.
      > Could not resolve androidx.core:core-ktx:1.10.1.
        Required by:
            project :iboxs-amap
         > Cannot find a version of 'androidx.core:core-ktx' that satisfies the version constraints:
              Dependency path '超市管理-app:iboxs-amap:unspecified' --> 'androidx.core:core-ktx:1.10.1'
              Dependency path '超市管理-app:iboxs-amap:unspecified' --> 'androidx.core:core-ktx:1.7.0'
              Constraint path '超市管理-app:iboxs-amap:unspecified' --> 'androidx.core:core-ktx:{strictly 1.7.0}' because of the following reason: version resolved in configuration ':iboxs-amap:releaseRuntimeClasspath' by consistent resolution

> There are 2 more failures with identical causes.

* Try:
> Run with --stacktrace option to get the stack trace.
> Run with --info or --debug option to get more log output.
> Run with --scan to get full insights.
> Get more help at https://help.gradle.org.
==============================================================================

2: Task failed with an exception.
-----------
* What went wrong:
Execution failed for task ':app:mergeReleaseNativeLibs'.
> A failure occurred while executing com.android.build.gradle.internal.tasks.MergeNativeLibsTask$MergeNativeLibsTaskWorkAction
   > 3 files found with path 'lib/arm64-v8a/libc++_shared.so' from inputs:
      - C:\Users\zqu10\.gradle\caches\8.14.3\transforms\162c60bef3f883608108620b3d416671\transformed\jetified-opencv-5.0.0\jni\arm64-v8a\libc++_shared.so
      - C:\Users\zqu10\.gradle\caches\8.14.3\transforms\4263905d5618a7a1b716c88b98ae55e9\transformed\jetified-aliyunBase-1.0.3\jni\arm64-v8a\libc++_shared.so
      - C:\Users\zqu10\.gradle\caches\8.14.3\transforms\a900e602e4111980b7f501a8adce7529\transformed\jetified-pdfium-android-1.9.2\jni\arm64-v8a\libc++_shared.so
     If you are using jniLibs and CMake IMPORTED targets, see
     https://developer.android.com/r/tools/jniLibs-vs-imported-targets

* Try:
> Run with --stacktrace option to get the stack trace.
> Run with --info or --debug option to get more log output.
> Run with --scan to get full insights.
> Get more help at https://help.gradle.org.
==============================================================================

BUILD FAILED in 20s

2026-07-02 11:08:12 [ERROR:] Error: Command failed: D:/HBuilderX/plugins/wj-easypackx/src/easypackx/uniappx-native-android/gradlew.bat :app:assembleRelease

FAILURE: Build completed with 2 failures.

1: Task failed with an exception.
-----------
* What went wrong:
Execution failed for task ':iboxs-amap:compileReleaseKotlin'.
> Error while evaluating property 'friendPathsSet$kotlin_gradle_plugin_common' of task ':iboxs-amap:compileReleaseKotlin'.
   > Could not resolve all files for configuration ':iboxs-amap:releaseCompileClasspath'.
      > Could not resolve androidx.core:core-ktx:1.10.1.
        Required by:
            project :iboxs-amap
         > Cannot find a version of 'androidx.core:core-ktx' that satisfies the version constraints:
              Dependency path '超市管理-app:iboxs-amap:unspecified' --> 'androidx.core:core-ktx:1.10.1'
              Dependency path '超市管理-app:iboxs-amap:unspecified' --> 'androidx.core:core-ktx:1.7.0'
              Constraint path '超市管理-app:iboxs-amap:unspecified' --> 'androidx.core:core-ktx:{strictly 1.7.0}' because of the following reason: version resolved in configuration ':iboxs-amap:releaseRuntimeClasspath' by consistent resolution

> There are 2 more failures with identical causes.

* Try:
> Run with --stacktrace option to get the stack trace.
> Run with --info or --debug option to get more log output.
> Run with --scan to get full insights.
> Get more help at https://help.gradle.org.
==============================================================================

2: Task failed with an exception.
-----------
* What went wrong:
Execution failed for task ':app:mergeReleaseNativeLibs'.
> A failure occurred while executing com.android.build.gradle.internal.tasks.MergeNativeLibsTask$MergeNativeLibsTaskWorkAction
   > 3 files found with path 'lib/arm64-v8a/libc++_shared.so' from inputs:
      - C:\Users\zqu10\.gradle\caches\8.14.3\transforms\162c60bef3f883608108620b3d416671\transformed\jetified-opencv-5.0.0\jni\arm64-v8a\libc++_shared.so
      - C:\Users\zqu10\.gradle\caches\8.14.3\transforms\4263905d5618a7a1b716c88b98ae55e9\transformed\jetified-aliyunBase-1.0.3\jni\arm64-v8a\libc++_shared.so
      - C:\Users\zqu10\.gradle\caches\8.14.3\transforms\a900e602e4111980b7f501a8adce7529\transformed\jetified-pdfium-android-1.9.2\jni\arm64-v8a\libc++_shared.so
     If you are using jniLibs and CMake IMPORTED targets, see
     https://developer.android.com/r/tools/jniLibs-vs-imported-targets

* Try:
> Run with --stacktrace option to get the stack trace.
> Run with --info or --debug option to get more log output.
> Run with --scan to get full insights.
> Get more help at https://help.gradle.org.
==============================================================================

BUILD FAILED in 20s

    at ChildProcess.exithandler (node:child_process:422:12)
    at ChildProcess.emit (node:events:517:28)
    at maybeClose (node:internal/child_process:1098:16)
    at ChildProcess._handle.onexit (node:internal/child_process:303:5)
2026-07-02 11:08:12 [ERROR:] 本地自动打包失败，请尝试手动执行：cd D:/HBuilderX/plugins/wj-easypackx/src/easypackx/uniappx-native-android; D:/HBuilderX/plugins/wj-easypackx/src/easypackx/uniappx-native-android/gradlew.bat :app:assembleRelease; cp ./app/build/outputs/apk/release/app-release.apk E:/market/pdaapp/unpackage/release/android_release.apk。执行完成后即可选择自定义基座运行。
2026-07-03 15:04:10 [ERROR:] 本地打包资源不存在，请选中项目然后顶部菜单点击【发行】->【原生App-本地打包】->【生成本地打包App资源】先打包本地资源，参考 https://nativesupport.dcloud.net.cn/AppDocs/importfeproject/export.html#%E7%94%9F%E6%88%90%E6%9C%AC%E5%9C%B0%E6%89%93%E5%8C%85-app-%E8%B5%84%E6%BA%90
2026-07-03 15:06:37 [ERROR:] 
FAILURE: Build failed with an exception.

* What went wrong:
Execution failed for task ':app:checkDebugAarMetadata'.
> Could not resolve all files for configuration ':app:debugRuntimeClasspath'.
   > Could not resolve com.google.mlkit:text-recognition-chinese:16.0.1.
     Required by:
         project :app > project :iboxs-ocr
      > Could not resolve com.google.mlkit:text-recognition-chinese:16.0.1.
         > Could not get resource 'https://maven.aliyun.com/repository/google/com/google/mlkit/text-recognition-chinese/16.0.1/text-recognition-chinese-16.0.1.pom'.
            > Could not HEAD 'https://maven.aliyun.com/repository/google/com/google/mlkit/text-recognition-chinese/16.0.1/text-recognition-chinese-16.0.1.pom'.
               > Got socket exception during request. It might be caused by SSL misconfiguration
                  > Connect to 127.0.0.1:7890 [/127.0.0.1] failed: Connection refused: getsockopt
      > Could not resolve com.google.mlkit:text-recognition-chinese:16.0.1.
         > Could not get resource 'https://maven.aliyun.com/repository/public/com/google/mlkit/text-recognition-chinese/16.0.1/text-recognition-chinese-16.0.1.pom'.
            > Could not HEAD 'https://maven.aliyun.com/repository/public/com/google/mlkit/text-recognition-chinese/16.0.1/text-recognition-chinese-16.0.1.pom'.
               > Got socket exception during request. It might be caused by SSL misconfiguration
                  > Connect to 127.0.0.1:7890 [/127.0.0.1] failed: Connection refused: getsockopt
      > Could not resolve com.google.mlkit:text-recognition-chinese:16.0.1.
         > Could not get resource 'https://maven.aliyun.com/repository/central/com/google/mlkit/text-recognition-chinese/16.0.1/text-recognition-chinese-16.0.1.pom'.
            > Could not HEAD 'https://maven.aliyun.com/repository/central/com/google/mlkit/text-recognition-chinese/16.0.1/text-recognition-chinese-16.0.1.pom'.
               > Got socket exception during request. It might be caused by SSL misconfiguration
                  > Connect to 127.0.0.1:7890 [/127.0.0.1] failed: Connection refused: getsockopt
      > Could not resolve com.google.mlkit:text-recognition-chinese:16.0.1.
         > Could not get resource 'https://maven.aliyun.com/repository/gradle-plugin/com/google/mlkit/text-recognition-chinese/16.0.1/text-recognition-chinese-16.0.1.pom'.
            > Could not HEAD 'https://maven.aliyun.com/repository/gradle-plugin/com/google/mlkit/text-recognition-chinese/16.0.1/text-recognition-chinese-16.0.1.pom'.
               > Got socket exception during request. It might be caused by SSL misconfiguration
                  > Connect to 127.0.0.1:7890 [/127.0.0.1] failed: Connection refused: getsockopt
      > Could not resolve com.google.mlkit:text-recognition-chinese:16.0.1.
         > Could not get resource 'https://jitpack.io/com/google/mlkit/text-recognition-chinese/16.0.1/text-recognition-chinese-16.0.1.pom'.
            > Could not HEAD 'https://jitpack.io/com/google/mlkit/text-recognition-chinese/16.0.1/text-recognition-chinese-16.0.1.pom'.
               > Got socket exception during request. It might be caused by SSL misconfiguration
                  > Connect to 127.0.0.1:7890 [/127.0.0.1] failed: Connection refused: getsockopt
      > Could not resolve com.google.mlkit:text-recognition-chinese:16.0.1.
         > Could not get resource 'https://dl.google.com/dl/android/maven2/com/google/mlkit/text-recognition-chinese/16.0.1/text-recognition-chinese-16.0.1.pom'.
            > Could not HEAD 'https://dl.google.com/dl/android/maven2/com/google/mlkit/text-recognition-chinese/16.0.1/text-recognition-chinese-16.0.1.pom'.
               > Got socket exception during request. It might be caused by SSL misconfiguration
                  > Connect to 127.0.0.1:7890 [/127.0.0.1] failed: Connection refused: getsockopt
      > Could not resolve com.google.mlkit:text-recognition-chinese:16.0.1.
         > Could not get resource 'https://repo.maven.apache.org/maven2/com/google/mlkit/text-recognition-chinese/16.0.1/text-recognition-chinese-16.0.1.pom'.
            > Could not HEAD 'https://repo.maven.apache.org/maven2/com/google/mlkit/text-recognition-chinese/16.0.1/text-recognition-chinese-16.0.1.pom'.
               > Got socket exception during request. It might be caused by SSL misconfiguration
                  > Connect to 127.0.0.1:7890 [/127.0.0.1] failed: Connection refused: getsockopt
      > Could not resolve com.google.mlkit:text-recognition-chinese:16.0.1.
         > Could not get resource 'https://developer.huawei.com/repo/com/google/mlkit/text-recognition-chinese/16.0.1/text-recognition-chinese-16.0.1.pom'.
            > Could not HEAD 'https://developer.huawei.com/repo/com/google/mlkit/text-recognition-chinese/16.0.1/text-recognition-chinese-16.0.1.pom'.
               > Got socket exception during request. It might be caused by SSL misconfiguration
                  > Connect to 127.0.0.1:7890 [/127.0.0.1] failed: Connection refused: getsockopt
      > Could not resolve com.google.mlkit:text-recognition-chinese:16.0.1.
         > Could not get resource 'https://android-sdk.is.com/com/google/mlkit/text-recognition-chinese/16.0.1/text-recognition-chinese-16.0.1.pom'.
            > Could not HEAD 'https://android-sdk.is.com/com/google/mlkit/text-recognition-chinese/16.0.1/text-recognition-chinese-16.0.1.pom'.
               > Got socket exception during request. It might be caused by SSL misconfiguration
                  > Connect to 127.0.0.1:7890 [/127.0.0.1] failed: Connection refused: getsockopt
      > Could not resolve com.google.mlkit:text-recognition-chinese:16.0.1.
         > Could not get resource 'https://dl-maven-android.mintegral.com/repository/mbridge_android_sdk_oversea/com/google/mlkit/text-recognition-chinese/16.0.1/text-recognition-chinese-16.0.1.pom'.
            > Could not HEAD 'https://dl-maven-android.mintegral.com/repository/mbridge_android_sdk_oversea/com/google/mlkit/text-recognition-chinese/16.0.1/text-recognition-chinese-16.0.1.pom'.
               > Got socket exception during request. It might be caused by SSL misconfiguration
                  > Connect to 127.0.0.1:7890 [/127.0.0.1] failed: Connection refused: getsockopt
      > Could not resolve com.google.mlkit:text-recognition-chinese:16.0.1.
         > Could not get resource 'https://oss.sonatype.org/content/groups/public/com/google/mlkit/text-recognition-chinese/16.0.1/text-recognition-chinese-16.0.1.pom'.
            > Could not HEAD 'https://oss.sonatype.org/content/groups/public/com/google/mlkit/text-recognition-chinese/16.0.1/text-recognition-chinese-16.0.1.pom'.
               > Got socket exception during request. It might be caused by SSL misconfiguration
                  > Connect to 127.0.0.1:7890 [/127.0.0.1] failed: Connection refused: getsockopt
   > Could not resolve com.google.mlkit:image-labeling:17.0.9.
     Required by:
         project :app > project :iboxs-ocr
      > Could not resolve com.google.mlkit:image-labeling:17.0.9.
         > Could not get resource 'https://maven.aliyun.com/repository/google/com/google/mlkit/image-labeling/17.0.9/image-labeling-17.0.9.pom'.
            > Could not HEAD 'https://maven.aliyun.com/repository/google/com/google/mlkit/image-labeling/17.0.9/image-labeling-17.0.9.pom'.
               > Got socket exception during request. It might be caused by SSL misconfiguration
                  > Connect to 127.0.0.1:7890 [/127.0.0.1] failed: Connection refused: getsockopt
      > Could not resolve com.google.mlkit:image-labeling:17.0.9.
         > Could not get resource 'https://maven.aliyun.com/repository/public/com/google/mlkit/image-labeling/17.0.9/image-labeling-17.0.9.pom'.
            > Could not HEAD 'https://maven.aliyun.com/repository/public/com/google/mlkit/image-labeling/17.0.9/image-labeling-17.0.9.pom'.
               > Got socket exception during request. It might be caused by SSL misconfiguration
                  > Connect to 127.0.0.1:7890 [/127.0.0.1] failed: Connection refused: getsockopt
      > Could not resolve com.google.mlkit:image-labeling:17.0.9.
         > Could not get resource 'https://maven.aliyun.com/repository/central/com/google/mlkit/image-labeling/17.0.9/image-labeling-17.0.9.pom'.
            > Could not HEAD 'https://maven.aliyun.com/repository/central/com/google/mlkit/image-labeling/17.0.9/image-labeling-17.0.9.pom'.
               > Got socket exception during request. It might be caused by SSL misconfiguration
                  > Connect to 127.0.0.1:7890 [/127.0.0.1] failed: Connection refused: getsockopt
      > Could not resolve com.google.mlkit:image-labeling:17.0.9.
         > Could not get resource 'https://maven.aliyun.com/repository/gradle-plugin/com/google/mlkit/image-labeling/17.0.9/image-labeling-17.0.9.pom'.
            > Could not HEAD 'https://maven.aliyun.com/repository/gradle-plugin/com/google/mlkit/image-labeling/17.0.9/image-labeling-17.0.9.pom'.
               > Got socket exception during request. It might be caused by SSL misconfiguration
                  > Connect to 127.0.0.1:7890 [/127.0.0.1] failed: Connection refused: getsockopt
      > Could not resolve com.google.mlkit:image-labeling:17.0.9.
         > Could not get resource 'https://jitpack.io/com/google/mlkit/image-labeling/17.0.9/image-labeling-17.0.9.pom'.
            > Could not HEAD 'https://jitpack.io/com/google/mlkit/image-labeling/17.0.9/image-labeling-17.0.9.pom'.
               > Got socket exception during request. It might be caused by SSL misconfiguration
                  > Connect to 127.0.0.1:7890 [/127.0.0.1] failed: Connection refused: getsockopt
      > Could not resolve com.google.mlkit:image-labeling:17.0.9.
         > Could not get resource 'https://dl.google.com/dl/android/maven2/com/google/mlkit/image-labeling/17.0.9/image-labeling-17.0.9.pom'.
            > Could not HEAD 'https://dl.google.com/dl/android/maven2/com/google/mlkit/image-labeling/17.0.9/image-labeling-17.0.9.pom'.
               > Got socket exception during request. It might be caused by SSL misconfiguration
                  > Connect to 127.0.0.1:7890 [/127.0.0.1] failed: Connection refused: getsockopt
      > Could not resolve com.google.mlkit:image-labeling:17.0.9.
         > Could not get resource 'https://repo.maven.apache.org/maven2/com/google/mlkit/image-labeling/17.0.9/image-labeling-17.0.9.pom'.
            > Could not HEAD 'https://repo.maven.apache.org/maven2/com/google/mlkit/image-labeling/17.0.9/image-labeling-17.0.9.pom'.
               > Got socket exception during request. It might be caused by SSL misconfiguration
                  > Connect to 127.0.0.1:7890 [/127.0.0.1] failed: Connection refused: getsockopt
      > Could not resolve com.google.mlkit:image-labeling:17.0.9.
         > Could not get resource 'https://developer.huawei.com/repo/com/google/mlkit/image-labeling/17.0.9/image-labeling-17.0.9.pom'.
            > Could not HEAD 'https://developer.huawei.com/repo/com/google/mlkit/image-labeling/17.0.9/image-labeling-17.0.9.pom'.
               > Got socket exception during request. It might be caused by SSL misconfiguration
                  > Connect to 127.0.0.1:7890 [/127.0.0.1] failed: Connection refused: getsockopt
      > Could not resolve com.google.mlkit:image-labeling:17.0.9.
         > Could not get resource 'https://android-sdk.is.com/com/google/mlkit/image-labeling/17.0.9/image-labeling-17.0.9.pom'.
            > Could not HEAD 'https://android-sdk.is.com/com/google/mlkit/image-labeling/17.0.9/image-labeling-17.0.9.pom'.
               > Got socket exception during request. It might be caused by SSL misconfiguration
                  > Connect to 127.0.0.1:7890 [/127.0.0.1] failed: Connection refused: getsockopt
      > Could not resolve com.google.mlkit:image-labeling:17.0.9.
         > Could not get resource 'https://dl-maven-android.mintegral.com/repository/mbridge_android_sdk_oversea/com/google/mlkit/image-labeling/17.0.9/image-labeling-17.0.9.pom'.
            > Could not HEAD 'https://dl-maven-android.mintegral.com/repository/mbridge_android_sdk_oversea/com/google/mlkit/image-labeling/17.0.9/image-labeling-17.0.9.pom'.
               > Got socket exception during request. It might be caused by SSL misconfiguration
                  > Connect to 127.0.0.1:7890 [/127.0.0.1] failed: Connection refused: getsockopt
      > Could not resolve com.google.mlkit:image-labeling:17.0.9.
         > Could not get resource 'https://oss.sonatype.org/content/groups/public/com/google/mlkit/image-labeling/17.0.9/image-labeling-17.0.9.pom'.
            > Could not HEAD 'https://oss.sonatype.org/content/groups/public/com/google/mlkit/image-labeling/17.0.9/image-labeling-17.0.9.pom'.
               > Got socket exception during request. It might be caused by SSL misconfiguration
                  > Connect to 127.0.0.1:7890 [/127.0.0.1] failed: Connection refused: getsockopt
   > Could not resolve io.github.itlattice:sherpaonnx-more:1.0.0.
     Required by:
         project :app > project :iboxs-tts
      > Could not resolve io.github.itlattice:sherpaonnx-more:1.0.0.
         > Could not get resource 'https://maven.aliyun.com/repository/google/io/github/itlattice/sherpaonnx-more/1.0.0/sherpaonnx-more-1.0.0.pom'.
            > Could not HEAD 'https://maven.aliyun.com/repository/google/io/github/itlattice/sherpaonnx-more/1.0.0/sherpaonnx-more-1.0.0.pom'.
               > Got socket exception during request. It might be caused by SSL misconfiguration
                  > Connect to 127.0.0.1:7890 [/127.0.0.1] failed: Connection refused: getsockopt
      > Could not resolve io.github.itlattice:sherpaonnx-more:1.0.0.
         > Could not get resource 'https://maven.aliyun.com/repository/public/io/github/itlattice/sherpaonnx-more/1.0.0/sherpaonnx-more-1.0.0.pom'.
            > Could not HEAD 'https://maven.aliyun.com/repository/public/io/github/itlattice/sherpaonnx-more/1.0.0/sherpaonnx-more-1.0.0.pom'.
               > Got socket exception during request. It might be caused by SSL misconfiguration
                  > Connect to 127.0.0.1:7890 [/127.0.0.1] failed: Connection refused: getsockopt
      > Could not resolve io.github.itlattice:sherpaonnx-more:1.0.0.
         > Could not get resource 'https://maven.aliyun.com/repository/central/io/github/itlattice/sherpaonnx-more/1.0.0/sherpaonnx-more-1.0.0.pom'.
            > Could not HEAD 'https://maven.aliyun.com/repository/central/io/github/itlattice/sherpaonnx-more/1.0.0/sherpaonnx-more-1.0.0.pom'.
               > Got socket exception during request. It might be caused by SSL misconfiguration
                  > Connect to 127.0.0.1:7890 [/127.0.0.1] failed: Connection refused: getsockopt
      > Could not resolve io.github.itlattice:sherpaonnx-more:1.0.0.
         > Could not get resource 'https://maven.aliyun.com/repository/gradle-plugin/io/github/itlattice/sherpaonnx-more/1.0.0/sherpaonnx-more-1.0.0.pom'.
            > Could not HEAD 'https://maven.aliyun.com/repository/gradle-plugin/io/github/itlattice/sherpaonnx-more/1.0.0/sherpaonnx-more-1.0.0.pom'.
               > Got socket exception during request. It might be caused by SSL misconfiguration
                  > Connect to 127.0.0.1:7890 [/127.0.0.1] failed: Connection refused: getsockopt
      > Could not resolve io.github.itlattice:sherpaonnx-more:1.0.0.
         > Could not get resource 'https://jitpack.io/io/github/itlattice/sherpaonnx-more/1.0.0/sherpaonnx-more-1.0.0.pom'.
            > Could not HEAD 'https://jitpack.io/io/github/itlattice/sherpaonnx-more/1.0.0/sherpaonnx-more-1.0.0.pom'.
               > Got socket exception during request. It might be caused by SSL misconfiguration
                  > Connect to 127.0.0.1:7890 [/127.0.0.1] failed: Connection refused: getsockopt
      > Could not resolve io.github.itlattice:sherpaonnx-more:1.0.0.
         > Could not get resource 'https://dl.google.com/dl/android/maven2/io/github/itlattice/sherpaonnx-more/1.0.0/sherpaonnx-more-1.0.0.pom'.
            > Could not HEAD 'https://dl.google.com/dl/android/maven2/io/github/itlattice/sherpaonnx-more/1.0.0/sherpaonnx-more-1.0.0.pom'.
               > Got socket exception during request. It might be caused by SSL misconfiguration
                  > Connect to 127.0.0.1:7890 [/127.0.0.1] failed: Connection refused: getsockopt
      > Could not resolve io.github.itlattice:sherpaonnx-more:1.0.0.
         > Could not get resource 'https://repo.maven.apache.org/maven2/io/github/itlattice/sherpaonnx-more/1.0.0/sherpaonnx-more-1.0.0.pom'.
            > Could not HEAD 'https://repo.maven.apache.org/maven2/io/github/itlattice/sherpaonnx-more/1.0.0/sherpaonnx-more-1.0.0.pom'.
               > Got socket exception during request. It might be caused by SSL misconfiguration
                  > Connect to 127.0.0.1:7890 [/127.0.0.1] failed: Connection refused: getsockopt
      > Could not resolve io.github.itlattice:sherpaonnx-more:1.0.0.
         > Could not get resource 'https://developer.huawei.com/repo/io/github/itlattice/sherpaonnx-more/1.0.0/sherpaonnx-more-1.0.0.pom'.
            > Could not HEAD 'https://developer.huawei.com/repo/io/github/itlattice/sherpaonnx-more/1.0.0/sherpaonnx-more-1.0.0.pom'.
               > Got socket exception during request. It might be caused by SSL misconfiguration
                  > Connect to 127.0.0.1:7890 [/127.0.0.1] failed: Connection refused: getsockopt
      > Could not resolve io.github.itlattice:sherpaonnx-more:1.0.0.
         > Could not get resource 'https://android-sdk.is.com/io/github/itlattice/sherpaonnx-more/1.0.0/sherpaonnx-more-1.0.0.pom'.
            > Could not HEAD 'https://android-sdk.is.com/io/github/itlattice/sherpaonnx-more/1.0.0/sherpaonnx-more-1.0.0.pom'.
               > Got socket exception during request. It might be caused by SSL misconfiguration
                  > Connect to 127.0.0.1:7890 [/127.0.0.1] failed: Connection refused: getsockopt
      > Could not resolve io.github.itlattice:sherpaonnx-more:1.0.0.
         > Could not get resource 'https://dl-maven-android.mintegral.com/repository/mbridge_android_sdk_oversea/io/github/itlattice/sherpaonnx-more/1.0.0/sherpaonnx-more-1.0.0.pom'.
            > Could not HEAD 'https://dl-maven-android.mintegral.com/repository/mbridge_android_sdk_oversea/io/github/itlattice/sherpaonnx-more/1.0.0/sherpaonnx-more-1.0.0.pom'.
               > Got socket exception during request. It might be caused by SSL misconfiguration
                  > Connect to 127.0.0.1:7890 [/127.0.0.1] failed: Connection refused: getsockopt
      > Could not resolve io.github.itlattice:sherpaonnx-more:1.0.0.
         > Could not get resource 'https://oss.sonatype.org/content/groups/public/io/github/itlattice/sherpaonnx-more/1.0.0/sherpaonnx-more-1.0.0.pom'.
            > Could not HEAD 'https://oss.sonatype.org/content/groups/public/io/github/itlattice/sherpaonnx-more/1.0.0/sherpaonnx-more-1.0.0.pom'.
               > Got socket exception during request. It might be caused by SSL misconfiguration
                  > Connect to 127.0.0.1:7890 [/127.0.0.1] failed: Connection refused: getsockopt

* Try:
> Run with --stacktrace option to get the stack trace.
> Run with --info or --debug option to get more log output.
> Run with --scan to get full insights.
> Get more help at https://help.gradle.org.

BUILD FAILED in 1m 42s

2026-07-03 15:06:37 [ERROR:] Error: Command failed: D:/HBuilderX/plugins/wj-easypackx/src/easypackx/uniappx-native-android/gradlew.bat :app:packageDebug --no-daemon

FAILURE: Build failed with an exception.

* What went wrong:
Execution failed for task ':app:checkDebugAarMetadata'.
> Could not resolve all files for configuration ':app:debugRuntimeClasspath'.
   > Could not resolve com.google.mlkit:text-recognition-chinese:16.0.1.
     Required by:
         project :app > project :iboxs-ocr
      > Could not resolve com.google.mlkit:text-recognition-chinese:16.0.1.
         > Could not get resource 'https://maven.aliyun.com/repository/google/com/google/mlkit/text-recognition-chinese/16.0.1/text-recognition-chinese-16.0.1.pom'.
            > Could not HEAD 'https://maven.aliyun.com/repository/google/com/google/mlkit/text-recognition-chinese/16.0.1/text-recognition-chinese-16.0.1.pom'.
               > Got socket exception during request. It might be caused by SSL misconfiguration
                  > Connect to 127.0.0.1:7890 [/127.0.0.1] failed: Connection refused: getsockopt
      > Could not resolve com.google.mlkit:text-recognition-chinese:16.0.1.
         > Could not get resource 'https://maven.aliyun.com/repository/public/com/google/mlkit/text-recognition-chinese/16.0.1/text-recognition-chinese-16.0.1.pom'.
            > Could not HEAD 'https://maven.aliyun.com/repository/public/com/google/mlkit/text-recognition-chinese/16.0.1/text-recognition-chinese-16.0.1.pom'.
               > Got socket exception during request. It might be caused by SSL misconfiguration
                  > Connect to 127.0.0.1:7890 [/127.0.0.1] failed: Connection refused: getsockopt
      > Could not resolve com.google.mlkit:text-recognition-chinese:16.0.1.
         > Could not get resource 'https://maven.aliyun.com/repository/central/com/google/mlkit/text-recognition-chinese/16.0.1/text-recognition-chinese-16.0.1.pom'.
            > Could not HEAD 'https://maven.aliyun.com/repository/central/com/google/mlkit/text-recognition-chinese/16.0.1/text-recognition-chinese-16.0.1.pom'.
               > Got socket exception during request. It might be caused by SSL misconfiguration
                  > Connect to 127.0.0.1:7890 [/127.0.0.1] failed: Connection refused: getsockopt
      > Could not resolve com.google.mlkit:text-recognition-chinese:16.0.1.
         > Could not get resource 'https://maven.aliyun.com/repository/gradle-plugin/com/google/mlkit/text-recognition-chinese/16.0.1/text-recognition-chinese-16.0.1.pom'.
            > Could not HEAD 'https://maven.aliyun.com/repository/gradle-plugin/com/google/mlkit/text-recognition-chinese/16.0.1/text-recognition-chinese-16.0.1.pom'.
               > Got socket exception during request. It might be caused by SSL misconfiguration
                  > Connect to 127.0.0.1:7890 [/127.0.0.1] failed: Connection refused: getsockopt
      > Could not resolve com.google.mlkit:text-recognition-chinese:16.0.1.
         > Could not get resource 'https://jitpack.io/com/google/mlkit/text-recognition-chinese/16.0.1/text-recognition-chinese-16.0.1.pom'.
            > Could not HEAD 'https://jitpack.io/com/google/mlkit/text-recognition-chinese/16.0.1/text-recognition-chinese-16.0.1.pom'.
               > Got socket exception during request. It might be caused by SSL misconfiguration
                  > Connect to 127.0.0.1:7890 [/127.0.0.1] failed: Connection refused: getsockopt
      > Could not resolve com.google.mlkit:text-recognition-chinese:16.0.1.
         > Could not get resource 'https://dl.google.com/dl/android/maven2/com/google/mlkit/text-recognition-chinese/16.0.1/text-recognition-chinese-16.0.1.pom'.
            > Could not HEAD 'https://dl.google.com/dl/android/maven2/com/google/mlkit/text-recognition-chinese/16.0.1/text-recognition-chinese-16.0.1.pom'.
               > Got socket exception during request. It might be caused by SSL misconfiguration
                  > Connect to 127.0.0.1:7890 [/127.0.0.1] failed: Connection refused: getsockopt
      > Could not resolve com.google.mlkit:text-recognition-chinese:16.0.1.
         > Could not get resource 'https://repo.maven.apache.org/maven2/com/google/mlkit/text-recognition-chinese/16.0.1/text-recognition-chinese-16.0.1.pom'.
            > Could not HEAD 'https://repo.maven.apache.org/maven2/com/google/mlkit/text-recognition-chinese/16.0.1/text-recognition-chinese-16.0.1.pom'.
               > Got socket exception during request. It might be caused by SSL misconfiguration
                  > Connect to 127.0.0.1:7890 [/127.0.0.1] failed: Connection refused: getsockopt
      > Could not resolve com.google.mlkit:text-recognition-chinese:16.0.1.
         > Could not get resource 'https://developer.huawei.com/repo/com/google/mlkit/text-recognition-chinese/16.0.1/text-recognition-chinese-16.0.1.pom'.
            > Could not HEAD 'https://developer.huawei.com/repo/com/google/mlkit/text-recognition-chinese/16.0.1/text-recognition-chinese-16.0.1.pom'.
               > Got socket exception during request. It might be caused by SSL misconfiguration
                  > Connect to 127.0.0.1:7890 [/127.0.0.1] failed: Connection refused: getsockopt
      > Could not resolve com.google.mlkit:text-recognition-chinese:16.0.1.
         > Could not get resource 'https://android-sdk.is.com/com/google/mlkit/text-recognition-chinese/16.0.1/text-recognition-chinese-16.0.1.pom'.
            > Could not HEAD 'https://android-sdk.is.com/com/google/mlkit/text-recognition-chinese/16.0.1/text-recognition-chinese-16.0.1.pom'.
               > Got socket exception during request. It might be caused by SSL misconfiguration
                  > Connect to 127.0.0.1:7890 [/127.0.0.1] failed: Connection refused: getsockopt
      > Could not resolve com.google.mlkit:text-recognition-chinese:16.0.1.
         > Could not get resource 'https://dl-maven-android.mintegral.com/repository/mbridge_android_sdk_oversea/com/google/mlkit/text-recognition-chinese/16.0.1/text-recognition-chinese-16.0.1.pom'.
            > Could not HEAD 'https://dl-maven-android.mintegral.com/repository/mbridge_android_sdk_oversea/com/google/mlkit/text-recognition-chinese/16.0.1/text-recognition-chinese-16.0.1.pom'.
               > Got socket exception during request. It might be caused by SSL misconfiguration
                  > Connect to 127.0.0.1:7890 [/127.0.0.1] failed: Connection refused: getsockopt
      > Could not resolve com.google.mlkit:text-recognition-chinese:16.0.1.
         > Could not get resource 'https://oss.sonatype.org/content/groups/public/com/google/mlkit/text-recognition-chinese/16.0.1/text-recognition-chinese-16.0.1.pom'.
            > Could not HEAD 'https://oss.sonatype.org/content/groups/public/com/google/mlkit/text-recognition-chinese/16.0.1/text-recognition-chinese-16.0.1.pom'.
               > Got socket exception during request. It might be caused by SSL misconfiguration
                  > Connect to 127.0.0.1:7890 [/127.0.0.1] failed: Connection refused: getsockopt
   > Could not resolve com.google.mlkit:image-labeling:17.0.9.
     Required by:
         project :app > project :iboxs-ocr
      > Could not resolve com.google.mlkit:image-labeling:17.0.9.
         > Could not get resource 'https://maven.aliyun.com/repository/google/com/google/mlkit/image-labeling/17.0.9/image-labeling-17.0.9.pom'.
            > Could not HEAD 'https://maven.aliyun.com/repository/google/com/google/mlkit/image-labeling/17.0.9/image-labeling-17.0.9.pom'.
               > Got socket exception during request. It might be caused by SSL misconfiguration
                  > Connect to 127.0.0.1:7890 [/127.0.0.1] failed: Connection refused: getsockopt
      > Could not resolve com.google.mlkit:image-labeling:17.0.9.
         > Could not get resource 'https://maven.aliyun.com/repository/public/com/google/mlkit/image-labeling/17.0.9/image-labeling-17.0.9.pom'.
            > Could not HEAD 'https://maven.aliyun.com/repository/public/com/google/mlkit/image-labeling/17.0.9/image-labeling-17.0.9.pom'.
               > Got socket exception during request. It might be caused by SSL misconfiguration
                  > Connect to 127.0.0.1:7890 [/127.0.0.1] failed: Connection refused: getsockopt
      > Could not resolve com.google.mlkit:image-labeling:17.0.9.
         > Could not get resource 'https://maven.aliyun.com/repository/central/com/google/mlkit/image-labeling/17.0.9/image-labeling-17.0.9.pom'.
            > Could not HEAD 'https://maven.aliyun.com/repository/central/com/google/mlkit/image-labeling/17.0.9/image-labeling-17.0.9.pom'.
               > Got socket exception during request. It might be caused by SSL misconfiguration
                  > Connect to 127.0.0.1:7890 [/127.0.0.1] failed: Connection refused: getsockopt
      > Could not resolve com.google.mlkit:image-labeling:17.0.9.
         > Could not get resource 'https://maven.aliyun.com/repository/gradle-plugin/com/google/mlkit/image-labeling/17.0.9/image-labeling-17.0.9.pom'.
            > Could not HEAD 'https://maven.aliyun.com/repository/gradle-plugin/com/google/mlkit/image-labeling/17.0.9/image-labeling-17.0.9.pom'.
               > Got socket exception during request. It might be caused by SSL misconfiguration
                  > Connect to 127.0.0.1:7890 [/127.0.0.1] failed: Connection refused: getsockopt
      > Could not resolve com.google.mlkit:image-labeling:17.0.9.
         > Could not get resource 'https://jitpack.io/com/google/mlkit/image-labeling/17.0.9/image-labeling-17.0.9.pom'.
            > Could not HEAD 'https://jitpack.io/com/google/mlkit/image-labeling/17.0.9/image-labeling-17.0.9.pom'.
               > Got socket exception during request. It might be caused by SSL misconfiguration
                  > Connect to 127.0.0.1:7890 [/127.0.0.1] failed: Connection refused: getsockopt
      > Could not resolve com.google.mlkit:image-labeling:17.0.9.
         > Could not get resource 'https://dl.google.com/dl/android/maven2/com/google/mlkit/image-labeling/17.0.9/image-labeling-17.0.9.pom'.
            > Could not HEAD 'https://dl.google.com/dl/android/maven2/com/google/mlkit/image-labeling/17.0.9/image-labeling-17.0.9.pom'.
               > Got socket exception during request. It might be caused by SSL misconfiguration
                  > Connect to 127.0.0.1:7890 [/127.0.0.1] failed: Connection refused: getsockopt
      > Could not resolve com.google.mlkit:image-labeling:17.0.9.
         > Could not get resource 'https://repo.maven.apache.org/maven2/com/google/mlkit/image-labeling/17.0.9/image-labeling-17.0.9.pom'.
            > Could not HEAD 'https://repo.maven.apache.org/maven2/com/google/mlkit/image-labeling/17.0.9/image-labeling-17.0.9.pom'.
               > Got socket exception during request. It might be caused by SSL misconfiguration
                  > Connect to 127.0.0.1:7890 [/127.0.0.1] failed: Connection refused: getsockopt
      > Could not resolve com.google.mlkit:image-labeling:17.0.9.
         > Could not get resource 'https://developer.huawei.com/repo/com/google/mlkit/image-labeling/17.0.9/image-labeling-17.0.9.pom'.
            > Could not HEAD 'https://developer.huawei.com/repo/com/google/mlkit/image-labeling/17.0.9/image-labeling-17.0.9.pom'.
               > Got socket exception during request. It might be caused by SSL misconfiguration
                  > Connect to 127.0.0.1:7890 [/127.0.0.1] failed: Connection refused: getsockopt
      > Could not resolve com.google.mlkit:image-labeling:17.0.9.
         > Could not get resource 'https://android-sdk.is.com/com/google/mlkit/image-labeling/17.0.9/image-labeling-17.0.9.pom'.
            > Could not HEAD 'https://android-sdk.is.com/com/google/mlkit/image-labeling/17.0.9/image-labeling-17.0.9.pom'.
               > Got socket exception during request. It might be caused by SSL misconfiguration
                  > Connect to 127.0.0.1:7890 [/127.0.0.1] failed: Connection refused: getsockopt
      > Could not resolve com.google.mlkit:image-labeling:17.0.9.
         > Could not get resource 'https://dl-maven-android.mintegral.com/repository/mbridge_android_sdk_oversea/com/google/mlkit/image-labeling/17.0.9/image-labeling-17.0.9.pom'.
            > Could not HEAD 'https://dl-maven-android.mintegral.com/repository/mbridge_android_sdk_oversea/com/google/mlkit/image-labeling/17.0.9/image-labeling-17.0.9.pom'.
               > Got socket exception during request. It might be caused by SSL misconfiguration
                  > Connect to 127.0.0.1:7890 [/127.0.0.1] failed: Connection refused: getsockopt
      > Could not resolve com.google.mlkit:image-labeling:17.0.9.
         > Could not get resource 'https://oss.sonatype.org/content/groups/public/com/google/mlkit/image-labeling/17.0.9/image-labeling-17.0.9.pom'.
            > Could not HEAD 'https://oss.sonatype.org/content/groups/public/com/google/mlkit/image-labeling/17.0.9/image-labeling-17.0.9.pom'.
               > Got socket exception during request. It might be caused by SSL misconfiguration
                  > Connect to 127.0.0.1:7890 [/127.0.0.1] failed: Connection refused: getsockopt
   > Could not resolve io.github.itlattice:sherpaonnx-more:1.0.0.
     Required by:
         project :app > project :iboxs-tts
      > Could not resolve io.github.itlattice:sherpaonnx-more:1.0.0.
         > Could not get resource 'https://maven.aliyun.com/repository/google/io/github/itlattice/sherpaonnx-more/1.0.0/sherpaonnx-more-1.0.0.pom'.
            > Could not HEAD 'https://maven.aliyun.com/repository/google/io/github/itlattice/sherpaonnx-more/1.0.0/sherpaonnx-more-1.0.0.pom'.
               > Got socket exception during request. It might be caused by SSL misconfiguration
                  > Connect to 127.0.0.1:7890 [/127.0.0.1] failed: Connection refused: getsockopt
      > Could not resolve io.github.itlattice:sherpaonnx-more:1.0.0.
         > Could not get resource 'https://maven.aliyun.com/repository/public/io/github/itlattice/sherpaonnx-more/1.0.0/sherpaonnx-more-1.0.0.pom'.
            > Could not HEAD 'https://maven.aliyun.com/repository/public/io/github/itlattice/sherpaonnx-more/1.0.0/sherpaonnx-more-1.0.0.pom'.
               > Got socket exception during request. It might be caused by SSL misconfiguration
                  > Connect to 127.0.0.1:7890 [/127.0.0.1] failed: Connection refused: getsockopt
      > Could not resolve io.github.itlattice:sherpaonnx-more:1.0.0.
         > Could not get resource 'https://maven.aliyun.com/repository/central/io/github/itlattice/sherpaonnx-more/1.0.0/sherpaonnx-more-1.0.0.pom'.
            > Could not HEAD 'https://maven.aliyun.com/repository/central/io/github/itlattice/sherpaonnx-more/1.0.0/sherpaonnx-more-1.0.0.pom'.
               > Got socket exception during request. It might be caused by SSL misconfiguration
                  > Connect to 127.0.0.1:7890 [/127.0.0.1] failed: Connection refused: getsockopt
      > Could not resolve io.github.itlattice:sherpaonnx-more:1.0.0.
         > Could not get resource 'https://maven.aliyun.com/repository/gradle-plugin/io/github/itlattice/sherpaonnx-more/1.0.0/sherpaonnx-more-1.0.0.pom'.
            > Could not HEAD 'https://maven.aliyun.com/repository/gradle-plugin/io/github/itlattice/sherpaonnx-more/1.0.0/sherpaonnx-more-1.0.0.pom'.
               > Got socket exception during request. It might be caused by SSL misconfiguration
                  > Connect to 127.0.0.1:7890 [/127.0.0.1] failed: Connection refused: getsockopt
      > Could not resolve io.github.itlattice:sherpaonnx-more:1.0.0.
         > Could not get resource 'https://jitpack.io/io/github/itlattice/sherpaonnx-more/1.0.0/sherpaonnx-more-1.0.0.pom'.
            > Could not HEAD 'https://jitpack.io/io/github/itlattice/sherpaonnx-more/1.0.0/sherpaonnx-more-1.0.0.pom'.
               > Got socket exception during request. It might be caused by SSL misconfiguration
                  > Connect to 127.0.0.1:7890 [/127.0.0.1] failed: Connection refused: getsockopt
      > Could not resolve io.github.itlattice:sherpaonnx-more:1.0.0.
         > Could not get resource 'https://dl.google.com/dl/android/maven2/io/github/itlattice/sherpaonnx-more/1.0.0/sherpaonnx-more-1.0.0.pom'.
            > Could not HEAD 'https://dl.google.com/dl/android/maven2/io/github/itlattice/sherpaonnx-more/1.0.0/sherpaonnx-more-1.0.0.pom'.
               > Got socket exception during request. It might be caused by SSL misconfiguration
                  > Connect to 127.0.0.1:7890 [/127.0.0.1] failed: Connection refused: getsockopt
      > Could not resolve io.github.itlattice:sherpaonnx-more:1.0.0.
         > Could not get resource 'https://repo.maven.apache.org/maven2/io/github/itlattice/sherpaonnx-more/1.0.0/sherpaonnx-more-1.0.0.pom'.
            > Could not HEAD 'https://repo.maven.apache.org/maven2/io/github/itlattice/sherpaonnx-more/1.0.0/sherpaonnx-more-1.0.0.pom'.
               > Got socket exception during request. It might be caused by SSL misconfiguration
                  > Connect to 127.0.0.1:7890 [/127.0.0.1] failed: Connection refused: getsockopt
      > Could not resolve io.github.itlattice:sherpaonnx-more:1.0.0.
         > Could not get resource 'https://developer.huawei.com/repo/io/github/itlattice/sherpaonnx-more/1.0.0/sherpaonnx-more-1.0.0.pom'.
            > Could not HEAD 'https://developer.huawei.com/repo/io/github/itlattice/sherpaonnx-more/1.0.0/sherpaonnx-more-1.0.0.pom'.
               > Got socket exception during request. It might be caused by SSL misconfiguration
                  > Connect to 127.0.0.1:7890 [/127.0.0.1] failed: Connection refused: getsockopt
      > Could not resolve io.github.itlattice:sherpaonnx-more:1.0.0.
         > Could not get resource 'https://android-sdk.is.com/io/github/itlattice/sherpaonnx-more/1.0.0/sherpaonnx-more-1.0.0.pom'.
            > Could not HEAD 'https://android-sdk.is.com/io/github/itlattice/sherpaonnx-more/1.0.0/sherpaonnx-more-1.0.0.pom'.
               > Got socket exception during request. It might be caused by SSL misconfiguration
                  > Connect to 127.0.0.1:7890 [/127.0.0.1] failed: Connection refused: getsockopt
      > Could not resolve io.github.itlattice:sherpaonnx-more:1.0.0.
         > Could not get resource 'https://dl-maven-android.mintegral.com/repository/mbridge_android_sdk_oversea/io/github/itlattice/sherpaonnx-more/1.0.0/sherpaonnx-more-1.0.0.pom'.
            > Could not HEAD 'https://dl-maven-android.mintegral.com/repository/mbridge_android_sdk_oversea/io/github/itlattice/sherpaonnx-more/1.0.0/sherpaonnx-more-1.0.0.pom'.
               > Got socket exception during request. It might be caused by SSL misconfiguration
                  > Connect to 127.0.0.1:7890 [/127.0.0.1] failed: Connection refused: getsockopt
      > Could not resolve io.github.itlattice:sherpaonnx-more:1.0.0.
         > Could not get resource 'https://oss.sonatype.org/content/groups/public/io/github/itlattice/sherpaonnx-more/1.0.0/sherpaonnx-more-1.0.0.pom'.
            > Could not HEAD 'https://oss.sonatype.org/content/groups/public/io/github/itlattice/sherpaonnx-more/1.0.0/sherpaonnx-more-1.0.0.pom'.
               > Got socket exception during request. It might be caused by SSL misconfiguration
                  > Connect to 127.0.0.1:7890 [/127.0.0.1] failed: Connection refused: getsockopt

* Try:
> Run with --stacktrace option to get the stack trace.
> Run with --info or --debug option to get more log output.
> Run with --scan to get full insights.
> Get more help at https://help.gradle.org.

BUILD FAILED in 1m 42s

    at ChildProcess.exithandler (node:child_process:422:12)
    at ChildProcess.emit (node:events:517:28)
    at maybeClose (node:internal/child_process:1098:16)
    at ChildProcess._handle.onexit (node:internal/child_process:303:5)
2026-07-03 15:06:37 [ERROR:] 本地自动打包失败，请尝试手动执行：cd D:/HBuilderX/plugins/wj-easypackx/src/easypackx/uniappx-native-android; D:/HBuilderX/plugins/wj-easypackx/src/easypackx/uniappx-native-android/gradlew.bat :app:packageDebug --no-daemon; cp ./app/build/outputs/apk/debug/app-debug.apk E:/iboxs/uniappx/语音加密存储与OCR/unpackage/debug/android_debug.apk。执行完成后即可选择自定义基座运行。
2026-07-03 16:21:23 [ERROR:] Error: EBUSY: resource busy or locked, rmdir '\\?\D:\HBuilderX\plugins\wj-easypackx\src\easypackx\uniappx-native-android'
    at rmdirSync (node:fs:1222:10)
    at _rmdirSync (node:internal/fs/rimraf:235:5)
    at rimrafSync (node:internal/fs/rimraf:193:7)
    at Object.rmSync (node:fs:1271:10)
    at removeSyncWithRetry (D:\HBuilderX\plugins\wj-easypackx\src\easypackx\src\utils\io.js:25:8)
    at D:\HBuilderX\plugins\wj-easypackx\src\easypackx\src\utils\io.js:78:4
    at new Promise (<anonymous>)
    at deleteFile (D:\HBuilderX\plugins\wj-easypackx\src\easypackx\src\utils\io.js:76:9)
    at start (D:\HBuilderX\plugins\wj-easypackx\src\easypackx\src\pack.js:3167:9)
    at process.processTicksAndRejections (node:internal/process/task_queues:95:5)
2026-07-03 16:33:37 [ERROR:] Error: EBUSY: resource busy or locked, rmdir '\\?\D:\HBuilderX\plugins\wj-easypackx\src\easypackx\uniappx-native-android'
    at rmdirSync (node:fs:1222:10)
    at _rmdirSync (node:internal/fs/rimraf:235:5)
    at rimrafSync (node:internal/fs/rimraf:193:7)
    at Object.rmSync (node:fs:1271:10)
    at removeSyncWithRetry (D:\HBuilderX\plugins\wj-easypackx\src\easypackx\src\utils\io.js:25:8)
    at D:\HBuilderX\plugins\wj-easypackx\src\easypackx\src\utils\io.js:78:4
    at new Promise (<anonymous>)
    at deleteFile (D:\HBuilderX\plugins\wj-easypackx\src\easypackx\src\utils\io.js:76:9)
    at start (D:\HBuilderX\plugins\wj-easypackx\src\easypackx\src\pack.js:3167:9)
    at process.processTicksAndRejections (node:internal/process/task_queues:95:5)
2026-07-03 16:34:40 [ERROR:] Error: EBUSY: resource busy or locked, rmdir '\\?\D:\HBuilderX\plugins\wj-easypackx\src\easypackx\uniappx-native-android'
    at rmdirSync (node:fs:1222:10)
    at _rmdirSync (node:internal/fs/rimraf:235:5)
    at rimrafSync (node:internal/fs/rimraf:193:7)
    at Object.rmSync (node:fs:1271:10)
    at removeSyncWithRetry (D:\HBuilderX\plugins\wj-easypackx\src\easypackx\src\utils\io.js:25:8)
    at D:\HBuilderX\plugins\wj-easypackx\src\easypackx\src\utils\io.js:78:4
    at new Promise (<anonymous>)
    at deleteFile (D:\HBuilderX\plugins\wj-easypackx\src\easypackx\src\utils\io.js:76:9)
    at start (D:\HBuilderX\plugins\wj-easypackx\src\easypackx\src\pack.js:3167:9)
    at process.processTicksAndRejections (node:internal/process/task_queues:95:5)
2026-07-03 16:39:58 [ERROR:] 
FAILURE: Build failed with an exception.

* What went wrong:
Execution failed for task ':iboxs-ocr:compileDebugKotlin'.
> Error while evaluating property 'friendPathsSet$kotlin_gradle_plugin_common' of task ':iboxs-ocr:compileDebugKotlin'.
   > Could not resolve all files for configuration ':iboxs-ocr:debugCompileClasspath'.
      > Could not resolve androidx.core:core-ktx:1.10.1.
        Required by:
            project :iboxs-ocr
         > Cannot find a version of 'androidx.core:core-ktx' that satisfies the version constraints:
              Dependency path '语音合成与识别-app:iboxs-ocr:unspecified' --> 'androidx.core:core-ktx:1.10.1'
              Constraint path '语音合成与识别-app:iboxs-ocr:unspecified' --> 'androidx.core:core-ktx:{strictly 1.9.0}' because of the following reason: version resolved in configuration ':iboxs-ocr:debugRuntimeClasspath' by consistent resolution
              Dependency path '语音合成与识别-app:iboxs-ocr:unspecified' --> 'com.google.mlkit:text-recognition-chinese:16.0.1' (compile) --> 'com.google.android.gms:play-services-base:18.5.0' (compile) --> 'androidx.fragment:fragment:1.3.6' (releaseApiPublication) --> 'androidx.lifecycle:lifecycle-viewmodel-savedstate:2.5.1' (releaseVariantReleaseApiPublication) --> 'androidx.core:core-ktx:1.2.0'

> There are 2 more failures with identical causes.

* Try:
> Run with --stacktrace option to get the stack trace.
> Run with --info or --debug option to get more log output.
> Run with --scan to get full insights.
> Get more help at https://help.gradle.org.

BUILD FAILED in 34s

2026-07-03 16:39:58 [ERROR:] Error: Command failed: D:/HBuilderX/plugins/wj-easypackx/src/easypackx/uniappx-native-android/gradlew.bat :app:packageDebug --no-daemon

FAILURE: Build failed with an exception.

* What went wrong:
Execution failed for task ':iboxs-ocr:compileDebugKotlin'.
> Error while evaluating property 'friendPathsSet$kotlin_gradle_plugin_common' of task ':iboxs-ocr:compileDebugKotlin'.
   > Could not resolve all files for configuration ':iboxs-ocr:debugCompileClasspath'.
      > Could not resolve androidx.core:core-ktx:1.10.1.
        Required by:
            project :iboxs-ocr
         > Cannot find a version of 'androidx.core:core-ktx' that satisfies the version constraints:
              Dependency path '语音合成与识别-app:iboxs-ocr:unspecified' --> 'androidx.core:core-ktx:1.10.1'
              Constraint path '语音合成与识别-app:iboxs-ocr:unspecified' --> 'androidx.core:core-ktx:{strictly 1.9.0}' because of the following reason: version resolved in configuration ':iboxs-ocr:debugRuntimeClasspath' by consistent resolution
              Dependency path '语音合成与识别-app:iboxs-ocr:unspecified' --> 'com.google.mlkit:text-recognition-chinese:16.0.1' (compile) --> 'com.google.android.gms:play-services-base:18.5.0' (compile) --> 'androidx.fragment:fragment:1.3.6' (releaseApiPublication) --> 'androidx.lifecycle:lifecycle-viewmodel-savedstate:2.5.1' (releaseVariantReleaseApiPublication) --> 'androidx.core:core-ktx:1.2.0'

> There are 2 more failures with identical causes.

* Try:
> Run with --stacktrace option to get the stack trace.
> Run with --info or --debug option to get more log output.
> Run with --scan to get full insights.
> Get more help at https://help.gradle.org.

BUILD FAILED in 34s

    at ChildProcess.exithandler (node:child_process:422:12)
    at ChildProcess.emit (node:events:517:28)
    at maybeClose (node:internal/child_process:1098:16)
    at ChildProcess._handle.onexit (node:internal/child_process:303:5)
2026-07-03 16:39:58 [ERROR:] 本地自动打包失败，请尝试手动执行：cd D:/HBuilderX/plugins/wj-easypackx/src/easypackx/uniappx-native-android; D:/HBuilderX/plugins/wj-easypackx/src/easypackx/uniappx-native-android/gradlew.bat :app:packageDebug --no-daemon; cp ./app/build/outputs/apk/debug/app-debug.apk E:/iboxs/uniappx/语音加密存储与OCR/unpackage/debug/android_debug.apk。执行完成后即可选择自定义基座运行。
2026-07-03 17:57:42 [ERROR:] Error: EBUSY: resource busy or locked, rmdir '\\?\D:\HBuilderX\plugins\wj-easypackx\src\easypackx\uniappx-native-android'
    at rmdirSync (node:fs:1222:10)
    at _rmdirSync (node:internal/fs/rimraf:235:5)
    at rimrafSync (node:internal/fs/rimraf:193:7)
    at Object.rmSync (node:fs:1271:10)
    at removeSyncWithRetry (D:\HBuilderX\plugins\wj-easypackx\src\easypackx\src\utils\io.js:25:8)
    at D:\HBuilderX\plugins\wj-easypackx\src\easypackx\src\utils\io.js:78:4
    at new Promise (<anonymous>)
    at deleteFile (D:\HBuilderX\plugins\wj-easypackx\src\easypackx\src\utils\io.js:76:9)
    at start (D:\HBuilderX\plugins\wj-easypackx\src\easypackx\src\pack.js:3167:9)
    at process.processTicksAndRejections (node:internal/process/task_queues:95:5)
2026-07-03 18:01:08 [ERROR:] Incorrect package="com.fresh361.pdaapp" found in source AndroidManifest.xml: D:\HBuilderX\plugins\wj-easypackx\src\easypackx\uniappx-native-android\app\src\main\AndroidManifest.xml.
Setting the namespace via the package attribute in the source AndroidManifest.xml is no longer supported.
Recommendation: remove package="com.fresh361.pdaapp" from the source AndroidManifest.xml: D:\HBuilderX\plugins\wj-easypackx\src\easypackx\uniappx-native-android\app\src\main\AndroidManifest.xml.

FAILURE: Build failed with an exception.

* What went wrong:
Execution failed for task ':app:processDebugMainManifest'.
> Incorrect package="com.fresh361.pdaapp" found in source AndroidManifest.xml: D:\HBuilderX\plugins\wj-easypackx\src\easypackx\uniappx-native-android\app\src\main\AndroidManifest.xml.
  Setting the namespace via the package attribute in the source AndroidManifest.xml is no longer supported.
  Recommendation: remove package="com.fresh361.pdaapp" from the source AndroidManifest.xml: D:\HBuilderX\plugins\wj-easypackx\src\easypackx\uniappx-native-android\app\src\main\AndroidManifest.xml.

* Try:
> Run with --stacktrace option to get the stack trace.
> Run with --info or --debug option to get more log output.
> Run with --scan to get full insights.
> Get more help at https://help.gradle.org.

BUILD FAILED in 1m 20s

2026-07-03 18:01:08 [ERROR:] Error: Command failed: D:/HBuilderX/plugins/wj-easypackx/src/easypackx/uniappx-native-android/gradlew.bat :app:packageDebug --no-daemon
Incorrect package="com.fresh361.pdaapp" found in source AndroidManifest.xml: D:\HBuilderX\plugins\wj-easypackx\src\easypackx\uniappx-native-android\app\src\main\AndroidManifest.xml.
Setting the namespace via the package attribute in the source AndroidManifest.xml is no longer supported.
Recommendation: remove package="com.fresh361.pdaapp" from the source AndroidManifest.xml: D:\HBuilderX\plugins\wj-easypackx\src\easypackx\uniappx-native-android\app\src\main\AndroidManifest.xml.

FAILURE: Build failed with an exception.

* What went wrong:
Execution failed for task ':app:processDebugMainManifest'.
> Incorrect package="com.fresh361.pdaapp" found in source AndroidManifest.xml: D:\HBuilderX\plugins\wj-easypackx\src\easypackx\uniappx-native-android\app\src\main\AndroidManifest.xml.
  Setting the namespace via the package attribute in the source AndroidManifest.xml is no longer supported.
  Recommendation: remove package="com.fresh361.pdaapp" from the source AndroidManifest.xml: D:\HBuilderX\plugins\wj-easypackx\src\easypackx\uniappx-native-android\app\src\main\AndroidManifest.xml.

* Try:
> Run with --stacktrace option to get the stack trace.
> Run with --info or --debug option to get more log output.
> Run with --scan to get full insights.
> Get more help at https://help.gradle.org.

BUILD FAILED in 1m 20s

    at ChildProcess.exithandler (node:child_process:422:12)
    at ChildProcess.emit (node:events:517:28)
    at maybeClose (node:internal/child_process:1098:16)
    at ChildProcess._handle.onexit (node:internal/child_process:303:5)
2026-07-03 18:01:08 [ERROR:] 本地自动打包失败，请尝试手动执行：cd D:/HBuilderX/plugins/wj-easypackx/src/easypackx/uniappx-native-android; D:/HBuilderX/plugins/wj-easypackx/src/easypackx/uniappx-native-android/gradlew.bat :app:packageDebug --no-daemon; cp ./app/build/outputs/apk/debug/app-debug.apk E:/market/pdaapp/unpackage/debug/android_debug.apk。执行完成后即可选择自定义基座运行。
2026-07-06 09:25:58 [ERROR:] 
FAILURE: Build failed with an exception.

* What went wrong:
Execution failed for task ':app:checkDebugAarMetadata'.
> Could not resolve all files for configuration ':app:debugRuntimeClasspath'.
   > Could not resolve cn.jiguang.sdk:jcore:+.
     Required by:
         project :app > project :iboxs-Quicklogin > cn.jiguang.sdk:jverification:3.4.2
      > Failed to list versions for cn.jiguang.sdk:jcore.
         > Unable to load Maven meta-data from https://maven.aliyun.com/repository/public/cn/jiguang/sdk/jcore/maven-metadata.xml.
            > Could not HEAD 'https://maven.aliyun.com/repository/public/cn/jiguang/sdk/jcore/maven-metadata.xml'.
               > Got socket exception during request. It might be caused by SSL misconfiguration
                  > Connect to 127.0.0.1:7890 [/127.0.0.1] failed: Connection refused: getsockopt
      > Failed to list versions for cn.jiguang.sdk:jcore.
         > Unable to load Maven meta-data from https://maven.aliyun.com/repository/central/cn/jiguang/sdk/jcore/maven-metadata.xml.
            > Could not HEAD 'https://maven.aliyun.com/repository/central/cn/jiguang/sdk/jcore/maven-metadata.xml'.
               > Got socket exception during request. It might be caused by SSL misconfiguration
                  > Connect to 127.0.0.1:7890 [/127.0.0.1] failed: Connection refused: getsockopt
      > Failed to list versions for cn.jiguang.sdk:jcore.
         > Unable to load Maven meta-data from https://maven.aliyun.com/repository/gradle-plugin/cn/jiguang/sdk/jcore/maven-metadata.xml.
            > Could not HEAD 'https://maven.aliyun.com/repository/gradle-plugin/cn/jiguang/sdk/jcore/maven-metadata.xml'.
               > Got socket exception during request. It might be caused by SSL misconfiguration
                  > Connect to 127.0.0.1:7890 [/127.0.0.1] failed: Connection refused: getsockopt
      > Failed to list versions for cn.jiguang.sdk:jcore.
         > Unable to load Maven meta-data from https://repo.maven.apache.org/maven2/cn/jiguang/sdk/jcore/maven-metadata.xml.
            > Could not HEAD 'https://repo.maven.apache.org/maven2/cn/jiguang/sdk/jcore/maven-metadata.xml'.
               > Got socket exception during request. It might be caused by SSL misconfiguration
                  > Connect to 127.0.0.1:7890 [/127.0.0.1] failed: Connection refused: getsockopt
      > Failed to list versions for cn.jiguang.sdk:jcore.
         > Unable to load Maven meta-data from https://oss.sonatype.org/content/groups/public/cn/jiguang/sdk/jcore/maven-metadata.xml.
            > Could not HEAD 'https://oss.sonatype.org/content/groups/public/cn/jiguang/sdk/jcore/maven-metadata.xml'.
               > Got socket exception during request. It might be caused by SSL misconfiguration
                  > Connect to 127.0.0.1:7890 [/127.0.0.1] failed: Connection refused: getsockopt
      > Failed to list versions for cn.jiguang.sdk:jcore.
         > Unable to load Maven meta-data from https://maven.aliyun.com/repository/google/cn/jiguang/sdk/jcore/maven-metadata.xml.
            > Could not GET 'https://maven.aliyun.com/repository/google/cn/jiguang/sdk/jcore/maven-metadata.xml'.
               > Got socket exception during request. It might be caused by SSL misconfiguration
                  > Connect to 127.0.0.1:7890 [/127.0.0.1] failed: Connection refused: getsockopt
      > Failed to list versions for cn.jiguang.sdk:jcore.
         > Unable to load Maven meta-data from https://jitpack.io/cn/jiguang/sdk/jcore/maven-metadata.xml.
            > Could not GET 'https://jitpack.io/cn/jiguang/sdk/jcore/maven-metadata.xml'.
               > Got socket exception during request. It might be caused by SSL misconfiguration
                  > Connect to 127.0.0.1:7890 [/127.0.0.1] failed: Connection refused: getsockopt
      > Failed to list versions for cn.jiguang.sdk:jcore.
         > Unable to load Maven meta-data from https://dl.google.com/dl/android/maven2/cn/jiguang/sdk/jcore/maven-metadata.xml.
            > Could not GET 'https://dl.google.com/dl/android/maven2/cn/jiguang/sdk/jcore/maven-metadata.xml'.
               > Got socket exception during request. It might be caused by SSL misconfiguration
                  > Connect to 127.0.0.1:7890 [/127.0.0.1] failed: Connection refused: getsockopt
      > Failed to list versions for cn.jiguang.sdk:jcore.
         > Unable to load Maven meta-data from https://developer.huawei.com/repo/cn/jiguang/sdk/jcore/maven-metadata.xml.
            > Could not GET 'https://developer.huawei.com/repo/cn/jiguang/sdk/jcore/maven-metadata.xml'.
               > Got socket exception during request. It might be caused by SSL misconfiguration
                  > Connect to 127.0.0.1:7890 [/127.0.0.1] failed: Connection refused: getsockopt
      > Failed to list versions for cn.jiguang.sdk:jcore.
         > Unable to load Maven meta-data from https://android-sdk.is.com/cn/jiguang/sdk/jcore/maven-metadata.xml.
            > Could not GET 'https://android-sdk.is.com/cn/jiguang/sdk/jcore/maven-metadata.xml'.
               > Got socket exception during request. It might be caused by SSL misconfiguration
                  > Connect to 127.0.0.1:7890 [/127.0.0.1] failed: Connection refused: getsockopt
      > Failed to list versions for cn.jiguang.sdk:jcore.
         > Unable to load Maven meta-data from https://dl-maven-android.mintegral.com/repository/mbridge_android_sdk_oversea/cn/jiguang/sdk/jcore/maven-metadata.xml.
            > Could not GET 'https://dl-maven-android.mintegral.com/repository/mbridge_android_sdk_oversea/cn/jiguang/sdk/jcore/maven-metadata.xml'.
               > Got socket exception during request. It might be caused by SSL misconfiguration
                  > Connect to 127.0.0.1:7890 [/127.0.0.1] failed: Connection refused: getsockopt

* Try:
> Run with --stacktrace option to get the stack trace.
> Run with --info or --debug option to get more log output.
> Run with --scan to get full insights.
> Get more help at https://help.gradle.org.

BUILD FAILED in 1m 16s

2026-07-06 09:25:58 [ERROR:] Error: Command failed: D:/HBuilderX/plugins/wj-easypackx/src/easypackx/uniappx-native-android/gradlew.bat :app:packageDebug --no-daemon

FAILURE: Build failed with an exception.

* What went wrong:
Execution failed for task ':app:checkDebugAarMetadata'.
> Could not resolve all files for configuration ':app:debugRuntimeClasspath'.
   > Could not resolve cn.jiguang.sdk:jcore:+.
     Required by:
         project :app > project :iboxs-Quicklogin > cn.jiguang.sdk:jverification:3.4.2
      > Failed to list versions for cn.jiguang.sdk:jcore.
         > Unable to load Maven meta-data from https://maven.aliyun.com/repository/public/cn/jiguang/sdk/jcore/maven-metadata.xml.
            > Could not HEAD 'https://maven.aliyun.com/repository/public/cn/jiguang/sdk/jcore/maven-metadata.xml'.
               > Got socket exception during request. It might be caused by SSL misconfiguration
                  > Connect to 127.0.0.1:7890 [/127.0.0.1] failed: Connection refused: getsockopt
      > Failed to list versions for cn.jiguang.sdk:jcore.
         > Unable to load Maven meta-data from https://maven.aliyun.com/repository/central/cn/jiguang/sdk/jcore/maven-metadata.xml.
            > Could not HEAD 'https://maven.aliyun.com/repository/central/cn/jiguang/sdk/jcore/maven-metadata.xml'.
               > Got socket exception during request. It might be caused by SSL misconfiguration
                  > Connect to 127.0.0.1:7890 [/127.0.0.1] failed: Connection refused: getsockopt
      > Failed to list versions for cn.jiguang.sdk:jcore.
         > Unable to load Maven meta-data from https://maven.aliyun.com/repository/gradle-plugin/cn/jiguang/sdk/jcore/maven-metadata.xml.
            > Could not HEAD 'https://maven.aliyun.com/repository/gradle-plugin/cn/jiguang/sdk/jcore/maven-metadata.xml'.
               > Got socket exception during request. It might be caused by SSL misconfiguration
                  > Connect to 127.0.0.1:7890 [/127.0.0.1] failed: Connection refused: getsockopt
      > Failed to list versions for cn.jiguang.sdk:jcore.
         > Unable to load Maven meta-data from https://repo.maven.apache.org/maven2/cn/jiguang/sdk/jcore/maven-metadata.xml.
            > Could not HEAD 'https://repo.maven.apache.org/maven2/cn/jiguang/sdk/jcore/maven-metadata.xml'.
               > Got socket exception during request. It might be caused by SSL misconfiguration
                  > Connect to 127.0.0.1:7890 [/127.0.0.1] failed: Connection refused: getsockopt
      > Failed to list versions for cn.jiguang.sdk:jcore.
         > Unable to load Maven meta-data from https://oss.sonatype.org/content/groups/public/cn/jiguang/sdk/jcore/maven-metadata.xml.
            > Could not HEAD 'https://oss.sonatype.org/content/groups/public/cn/jiguang/sdk/jcore/maven-metadata.xml'.
               > Got socket exception during request. It might be caused by SSL misconfiguration
                  > Connect to 127.0.0.1:7890 [/127.0.0.1] failed: Connection refused: getsockopt
      > Failed to list versions for cn.jiguang.sdk:jcore.
         > Unable to load Maven meta-data from https://maven.aliyun.com/repository/google/cn/jiguang/sdk/jcore/maven-metadata.xml.
            > Could not GET 'https://maven.aliyun.com/repository/google/cn/jiguang/sdk/jcore/maven-metadata.xml'.
               > Got socket exception during request. It might be caused by SSL misconfiguration
                  > Connect to 127.0.0.1:7890 [/127.0.0.1] failed: Connection refused: getsockopt
      > Failed to list versions for cn.jiguang.sdk:jcore.
         > Unable to load Maven meta-data from https://jitpack.io/cn/jiguang/sdk/jcore/maven-metadata.xml.
            > Could not GET 'https://jitpack.io/cn/jiguang/sdk/jcore/maven-metadata.xml'.
               > Got socket exception during request. It might be caused by SSL misconfiguration
                  > Connect to 127.0.0.1:7890 [/127.0.0.1] failed: Connection refused: getsockopt
      > Failed to list versions for cn.jiguang.sdk:jcore.
         > Unable to load Maven meta-data from https://dl.google.com/dl/android/maven2/cn/jiguang/sdk/jcore/maven-metadata.xml.
            > Could not GET 'https://dl.google.com/dl/android/maven2/cn/jiguang/sdk/jcore/maven-metadata.xml'.
               > Got socket exception during request. It might be caused by SSL misconfiguration
                  > Connect to 127.0.0.1:7890 [/127.0.0.1] failed: Connection refused: getsockopt
      > Failed to list versions for cn.jiguang.sdk:jcore.
         > Unable to load Maven meta-data from https://developer.huawei.com/repo/cn/jiguang/sdk/jcore/maven-metadata.xml.
            > Could not GET 'https://developer.huawei.com/repo/cn/jiguang/sdk/jcore/maven-metadata.xml'.
               > Got socket exception during request. It might be caused by SSL misconfiguration
                  > Connect to 127.0.0.1:7890 [/127.0.0.1] failed: Connection refused: getsockopt
      > Failed to list versions for cn.jiguang.sdk:jcore.
         > Unable to load Maven meta-data from https://android-sdk.is.com/cn/jiguang/sdk/jcore/maven-metadata.xml.
            > Could not GET 'https://android-sdk.is.com/cn/jiguang/sdk/jcore/maven-metadata.xml'.
               > Got socket exception during request. It might be caused by SSL misconfiguration
                  > Connect to 127.0.0.1:7890 [/127.0.0.1] failed: Connection refused: getsockopt
      > Failed to list versions for cn.jiguang.sdk:jcore.
         > Unable to load Maven meta-data from https://dl-maven-android.mintegral.com/repository/mbridge_android_sdk_oversea/cn/jiguang/sdk/jcore/maven-metadata.xml.
            > Could not GET 'https://dl-maven-android.mintegral.com/repository/mbridge_android_sdk_oversea/cn/jiguang/sdk/jcore/maven-metadata.xml'.
               > Got socket exception during request. It might be caused by SSL misconfiguration
                  > Connect to 127.0.0.1:7890 [/127.0.0.1] failed: Connection refused: getsockopt

* Try:
> Run with --stacktrace option to get the stack trace.
> Run with --info or --debug option to get more log output.
> Run with --scan to get full insights.
> Get more help at https://help.gradle.org.

BUILD FAILED in 1m 16s

    at ChildProcess.exithandler (node:child_process:422:12)
    at ChildProcess.emit (node:events:517:28)
    at maybeClose (node:internal/child_process:1098:16)
    at ChildProcess._handle.onexit (node:internal/child_process:303:5)
2026-07-06 09:25:58 [ERROR:] 本地自动打包失败，请尝试手动执行：cd D:/HBuilderX/plugins/wj-easypackx/src/easypackx/uniappx-native-android; D:/HBuilderX/plugins/wj-easypackx/src/easypackx/uniappx-native-android/gradlew.bat :app:packageDebug --no-daemon; cp ./app/build/outputs/apk/debug/app-debug.apk E:/market/pdaapp/unpackage/debug/android_debug.apk。执行完成后即可选择自定义基座运行。
2026-07-06 16:09:00 [ERROR:] Incorrect package="com.fresh361.pdaapp" found in source AndroidManifest.xml: D:\HBuilderX\plugins\wj-easypackx\src\easypackx\uniappx-native-android\app\src\main\AndroidManifest.xml.
Setting the namespace via the package attribute in the source AndroidManifest.xml is no longer supported.
Recommendation: remove package="com.fresh361.pdaapp" from the source AndroidManifest.xml: D:\HBuilderX\plugins\wj-easypackx\src\easypackx\uniappx-native-android\app\src\main\AndroidManifest.xml.

FAILURE: Build failed with an exception.

* What went wrong:
Execution failed for task ':app:processDebugMainManifest'.
> Incorrect package="com.fresh361.pdaapp" found in source AndroidManifest.xml: D:\HBuilderX\plugins\wj-easypackx\src\easypackx\uniappx-native-android\app\src\main\AndroidManifest.xml.
  Setting the namespace via the package attribute in the source AndroidManifest.xml is no longer supported.
  Recommendation: remove package="com.fresh361.pdaapp" from the source AndroidManifest.xml: D:\HBuilderX\plugins\wj-easypackx\src\easypackx\uniappx-native-android\app\src\main\AndroidManifest.xml.

* Try:
> Run with --stacktrace option to get the stack trace.
> Run with --info or --debug option to get more log output.
> Run with --scan to get full insights.
> Get more help at https://help.gradle.org.

BUILD FAILED in 55s

2026-07-06 16:09:00 [ERROR:] Error: Command failed: D:/HBuilderX/plugins/wj-easypackx/src/easypackx/uniappx-native-android/gradlew.bat :app:packageDebug --no-daemon
Incorrect package="com.fresh361.pdaapp" found in source AndroidManifest.xml: D:\HBuilderX\plugins\wj-easypackx\src\easypackx\uniappx-native-android\app\src\main\AndroidManifest.xml.
Setting the namespace via the package attribute in the source AndroidManifest.xml is no longer supported.
Recommendation: remove package="com.fresh361.pdaapp" from the source AndroidManifest.xml: D:\HBuilderX\plugins\wj-easypackx\src\easypackx\uniappx-native-android\app\src\main\AndroidManifest.xml.

FAILURE: Build failed with an exception.

* What went wrong:
Execution failed for task ':app:processDebugMainManifest'.
> Incorrect package="com.fresh361.pdaapp" found in source AndroidManifest.xml: D:\HBuilderX\plugins\wj-easypackx\src\easypackx\uniappx-native-android\app\src\main\AndroidManifest.xml.
  Setting the namespace via the package attribute in the source AndroidManifest.xml is no longer supported.
  Recommendation: remove package="com.fresh361.pdaapp" from the source AndroidManifest.xml: D:\HBuilderX\plugins\wj-easypackx\src\easypackx\uniappx-native-android\app\src\main\AndroidManifest.xml.

* Try:
> Run with --stacktrace option to get the stack trace.
> Run with --info or --debug option to get more log output.
> Run with --scan to get full insights.
> Get more help at https://help.gradle.org.

BUILD FAILED in 55s

    at genericNodeError (node:internal/errors:983:15)
    at wrappedFn (node:internal/errors:537:14)
    at ChildProcess.exithandler (node:child_process:417:12)
    at ChildProcess.emit (node:events:519:28)
    at maybeClose (node:internal/child_process:1101:16)
    at ChildProcess._handle.onexit (node:internal/child_process:304:5)
2026-07-06 16:09:00 [ERROR:] 本地自动打包失败，请尝试手动执行：cd D:/HBuilderX/plugins/wj-easypackx/src/easypackx/uniappx-native-android; D:/HBuilderX/plugins/wj-easypackx/src/easypackx/uniappx-native-android/gradlew.bat :app:packageDebug --no-daemon; cp ./app/build/outputs/apk/debug/app-debug.apk E:/market/pdaapp/unpackage/debug/android_debug.apk。执行完成后即可选择自定义基座运行。
